Study_Hours,Attendance,Sleep_Hours,Previous_Grade,Assignments_Completed,Days_Absent,Extracurricular_Hours,Stress_Level,Pass
5.993428306022466,96.79226523903202,5.987232587538427,36.382886631839135,7,8,1.867923274229213,9,0
4.72347139765763,91.09560419495322,6.783221993926723,52.09422483830747,2,5,5.684977474470279,7,1
6.295377076201385,80.71556443904208,5.811370118500058,58.79591699867534,9,4,2.5382501469729792,2,1
8.046059712816051,72.23675866753311,6.53805770554144,93.31531486010286,7,7,3.2724619572536993,3,1
4.531693250553328,88.37867976336308,4.159577999569322,73.34829686800637,7,1,3.959615794052467,4,1
4.531726086101639,84.72182462506099,7.319940561059408,44.96777646350163,4,7,6.246353893203366,4,0
8.158425631014783,90.74231864033278,7.001808213043336,72.29054434126455,7,3,7.517385673909727,10,1
6.534869458305818,87.62206162018363,5.7743670533977145,41.79044016592452,5,9,7.65488388222759,8,1
4.061051228130096,92.59463258383202,7.988868502648607,81.2403658083061,4,4,1.436408759297183,10,0
6.085120087171929,73.57717746127318,8.406355206439837,57.93313022273182,8,2,3.253719047590006,10,0
4.0731646143750755,95.80872878761191,4.588660203446539,63.59545716891244,6,4,2.8732270990953945,6,1
4.068540492859486,82.3711952563088,5.855912832150679,84.88694971313285,7,6,4.740618255451218,3,1
5.483924543132068,100.0,5.846286475319053,45.692546471236255,0,2,4.618565206427187,9,0
1.1734395106844042,71.72974618292518,5.590145348336703,44.04322722330513,10,1,2.8339963032680076,10,1
1.5501643349739345,100.0,8.244212262897623,56.246010104809926,1,7,2.6761271824732487,8,0
3.8754249415180544,82.37492940155177,6.709260791840794,80.57568276528974,7,7,2.005132522496505,9,1
2.9743377593311524,72.18298395662661,6.603227738034084,42.209808867847364,8,6,0.0,5,1
5.628494665190548,74.19336999134813,3.99420645338987,22.517666028341466,3,8,1.4036709329345274,3,0
3.1839518489575784,76.15583230166816,7.95312704531384,58.23261712386502,9,7,5.733549330369225,4,0
2.175392597329417,85.08999135682299,5.141112407719791,73.27611199866381,10,5,6.929408967482492,5,1
7.931297537843108,86.274025856426,7.089898945399493,83.00392624608244,9,6,6.695715174524981,9,1
4.548447399026928,73.11559995273706,7.416065406937287,58.05257956871902,8,6,5.8184678843659405,9,1
5.1350564093758475,79.7077448928682,9.040987893757976,58.82860089325996,3,7,1.9761161069701498,3,1
2.1505036275730864,100.0,5.036769401321331,82.30851101383621,9,6,1.6375551047832353,7,1
3.9112345509496347,100.0,3.0,36.95387450456869,9,3,0.37795371423601676,6,1
5.2218451794197325,85.23588403608838,7.2757743171305425,59.17218837225486,9,3,2.833605684232559,4,1
2.6980128451553944,80.4560417380184,9.700766772266281,67.85635834887587,8,1,4.174212438611942,5,0
5.751396036691344,81.44037592061913,8.858419529409156,71.73828081927552,10,5,1.9844314561646317,10,1
3.79872262016239,87.362215672765,7.314489122911938,57.35289960213676,6,3,4.862176147274203,2,1
4.416612500413446,67.72648921761913,6.262545721551929,65.51661517558762,1,9,5.303715539031202,7,0
3.796586775541206,76.91148155091986,8.210683894955965,27.67508969880516,8,8,3.0510191105032556,4,0
8.704556369017876,59.97699111346893,5.539680700443297,55.126273814992274,3,4,1.3199645441528958,2,0
4.973005550524132,84.79067747126335,7.714536654034329,71.80263068831701,7,2,6.7618531276025955,6,0
2.8845781420881993,87.76635127643289,7.75820523874994,50.265589486179806,6,3,4.070284449241744,2,1
6.645089824206378,74.20176245240751,8.59031486124832,65.88476332384396,6,2,7.882412016531844,10,0
2.5583127000579555,98.88784115948039,10.0,71.70308751204047,7,4,4.184758298784137,2,1
5.4177271900095105,65.2908120439719,7.5886239507681506,59.86176198713353,0,4,4.324425834492448,7,1
1.0806597522404489,62.42750143748216,6.236554561438751,67.55695656494856,4,5,2.0710063600207955,1,1
2.343627902203139,82.69342182271967,6.961638531712008,50.55901152073082,1,8,3.15291333321844,7,1
5.393722471738247,92.56517963134586,4.346386142666322,61.9008308045593,1,6,0.8823944611641648,10,0
6.476933159990821,100.0,5.957930303366412,74.15324254383833,0,3,1.3127512734304436,5,1
5.342736562379941,74.49338884557272,6.386076342830344,67.35459441452652,4,5,5.4823300946530775,1,0
4.768703435223519,92.94417000117555,6.213867403098111,56.202030956540966,1,6,3.4348332337660334,6,0
4.3977926088214225,79.53789836599151,7.228532308050583,68.36324606436189,3,3,3.1546839427657565,7,0
2.0429560192651453,77.92847240071016,5.766370101426699,75.71914685954927,2,8,2.519148038625747,1,1
3.5603115832105825,90.60391924984006,8.681546000986707,34.25088082133783,2,8,3.228952591112776,9,0
4.078722458080425,87.82787454096103,7.000310597377296,82.38611097433846,1,5,6.266126883214345,7,1
7.114244452437831,61.08329411618901,6.986049518292078,59.95617891978392,5,4,4.288443513745338,1,1
5.687236579136923,97.71848419671075,6.508157925230623,71.38234899860345,1,2,1.6399702398114266,3,0
1.473919689274532,96.56109624976942,7.232786025788469,82.95870385467842,7,6,6.060769387777986,5,1
5.64816793878959,72.49324758188564,8.237647397001453,44.42489454154301,7,5,7.4500771795960326,4,0
4.229835439167367,84.7496424012489,5.699304676433649,54.3583849635868,4,6,4.989409336100446,2,0
3.6461559993880828,85.92836223539287,6.012825266387115,60.67176956186443,9,7,5.782580423577655,1,0
6.2233525776817356,83.12808518988689,6.544410956835003,53.24369718313358,6,3,6.4415658347378635,4,1
7.061999044991902,73.39633815385496,4.981193614790177,91.02404863755213,3,9,0.6867901630312154,7,1
6.862560238232398,71.94051958474338,5.771113210417753,52.148418592598105,0,2,7.728540735771344,4,1
3.3215649535547227,79.69335114810265,6.285668689683011,56.666798307697,10,0,6.197628141354404,9,1
4.381575248297571,94.07274823111237,8.311583771069092,68.06583547404465,1,6,4.977709401825856,8,0
5.662526862807128,86.52320185513318,7.393841993502887,46.96775710885866,9,4,3.749078921695659,8,1
6.951090254244718,75.55262801496673,7.2903848670513165,59.06478932365604,9,6,1.3255151681623096,5,1
4.04165152430942,89.26038452778013,8.276346943251959,69.76179891875263,3,4,3.3371977926074727,1,0
4.628682046672366,45.817488552439094,6.793942317400905,60.00709393426233,0,5,4.896794033059229,9,0
2.7873300519879436,93.78518840446525,7.5856972748933345,63.599197116500775,7,2,1.7912832419207705,2,1
2.6075867518386584,59.1234346546628,6.8451673706012555,57.06001831327444,8,5,3.86050546523853,6,1
6.625051644788396,75.65070870316241,7.398043524099442,42.282945362288494,3,4,1.6329172583781522,10,1
7.712480057141645,66.56396126448627,6.125862013582627,69.82389817008858,9,3,3.2307516478716383,5,1
4.855979756839332,64.46382229134913,3.341774262585356,91.32399607470862,2,5,1.2947452674852284,10,0
7.007065795784048,93.92992144854223,6.798581256720544,65.27602446175158,1,3,1.084447824405598,8,1
5.723272050095268,74.38758558425731,9.13412220414991,68.37896175871325,4,3,4.680178822927807,3,1
3.7097604907897512,84.15804658076858,8.389323103362388,75.39084132675289,2,4,2.8404848831991014,6,0
5.722791211016828,79.4369530534498,8.448096226886756,45.96004255179952,9,8,3.0284188071830407,6,1
8.076073132931938,85.72448992667746,8.854196082709327,90.53771987194409,6,5,2.73311273045824,10,1
4.928347921780097,80.92186269272307,7.132986386442156,68.03493194634203,10,4,9.446235975252863,3,1
8.129287311628012,64.60409330973717,7.295973561108394,89.47785348633664,5,4,5.214734171411575,7,1
0.0,91.95520183336568,6.073522156848474,54.00450506714016,0,4,5.429487078335414,4,1
6.643805008750448,74.07492100206424,6.5258907159594255,92.27092883836737,7,4,2.449168927386878,5,1
5.174094136476342,61.321017216082986,7.923656724656713,76.62733241052175,1,7,5.009501377142661,9,0
4.401985299068265,74.86261806840905,8.805826655753224,73.29560128778537,4,8,3.544557993843827,6,0
5.183521553071005,98.00911748761173,6.790830586478501,68.51036681529722,8,7,2.4331005181992102,10,1
1.0248621707982144,90.20266090536191,6.324716102722883,61.27207072888326,7,3,7.85818280243714,4,1
4.560656224324976,75.81617438710569,7.0007919382848955,83.0079748771081,1,6,5.14558272441925,8,0
5.7142251430234925,75.80890754817885,7.901810123393672,67.1053980477207,8,6,5.044677260944372,9,1
7.955788089483033,76.14037938539141,4.834217775799687,35.49395444619272,4,4,2.056532758456555,10,0
3.9634595634527052,100.0,3.555728570294143,48.242203074394965,9,6,1.4595815132261065,5,1
3.3830127942136246,84.58322542677864,6.174194725762625,62.21231371710879,5,9,3.8848970595236807,2,1
3.996485912830927,85.16049976629283,5.168931361128762,69.64998474748333,2,6,2.8529719589591434,6,1
6.830804235404148,92.3634014483821,6.2377897035290335,64.15117266650157,2,4,5.225281885175415,8,1
5.657502219319369,82.86546990831816,6.778329521773792,83.28456184690495,9,6,5.358521761777429,5,1
3.9404795924659224,76.89149425015157,6.3201273864654794,35.733472039420626,7,7,4.131006536238687,1,1
6.026534866226712,77.64380181098026,9.178701301706118,67.1538190475774,10,4,5.6554263471655055,8,0
5.194155098696081,79.14078488703123,7.49011714690348,37.730311619192676,9,3,4.386608796211986,9,0
6.937289981065779,79.5533331618819,7.450711539416242,76.39568443226253,9,4,2.256620768862382,1,1
3.5958938122452953,88.73155452364375,7.933310716065103,63.58311928336996,1,5,3.6034505665713574,8,0
4.3446757068044635,80.6233506296876,5.291750323328847,71.29414958036178,10,3,4.271466085174204,10,1
4.215783693735685,88.79168092658695,8.558667681130403,52.04175559115351,1,5,5.857850121283693,2,1
2.072970103735763,79.03140103869701,6.88635357019681,84.19197397486627,4,3,4.449901688878307,4,0
5.592240554129152,80.94362228379309,8.00572092586182,80.62586996088277,5,5,2.857098790691497,2,1
5.522110544359778,56.02159178561471,5.3922141504397665,73.75316454517832,1,5,5.93234261189531,2,0
5.010226913284922,90.99593209642978,4.669361850975903,63.057241297048385,4,5,4.7615116914958655,10,1
4.530825733249706,84.15786171077592,8.226834487037543,73.69785927942698,6,6,7.0913474511733225,3,0
2.1692585158991715,91.97612131831582,7.564614289146275,54.39661148018977,9,6,4.174554937904432,8,1
4.158709354469282,45.24493546167573,5.646922668463734,77.83333488531068,9,6,1.9253425724605608,4,1
4.314570966946461,100.0,5.695505378087958,89.74221341485881,7,5,6.353958727096973,7,0
3.395445461556762,78.32492446213791,8.688152176622154,81.05915839968779,6,7,2.8464200730734954,10,1
4.677428576667982,93.2981938008502,5.2158821606990085,54.055962952888855,7,3,4.590848254001524,3,1
5.8081017136290765,67.52112887449363,9.464009429883944,70.42125975909654,8,5,4.37143337873793,10,1
8.77237180242106,87.35328686075084,5.649068898028197,45.60287684362028,4,7,4.091258659975728,3,1
5.349155625663678,67.35901324191613,7.957587888412575,73.58585466763513,4,2,3.6603600556456017,2,1
5.515100781445529,72.51477247165033,6.507072286376523,71.75905119293809,10,8,0.6957117362223664,6,0
4.851108168467666,100.0,7.904781146623515,36.952754907017535,9,4,1.9957921507391387,6,1
1.162457569401917,77.71181119083984,6.183828996828711,47.57324234131454,3,2,6.244264644460952,1,0
4.946972249101567,82.60919447815668,6.755810640891559,60.752916548843494,8,5,4.85760143554852,7,1
5.120460419882053,90.44081276826505,7.061378763093582,60.48710379288761,4,5,7.818594101252927,4,1
9.926484224970572,85.94818265567126,5.496718816327791,46.857845968717925,1,4,1.9245903559310493,3,0
4.615278070437755,81.80502686172292,8.11123651813019,70.83468094028275,9,6,3.9386877892951246,8,1
5.603094684667225,84.3795320295947,6.230179650292622,68.77210413410768,7,8,6.326387037922754,2,1
4.9305764605895135,100.0,6.657100126989972,62.08596302032221,6,4,2.868352979292643,9,0
2.662643924760936,79.30857443559698,5.508475938087232,53.66312749762456,7,3,3.0292659117781597,8,0
7.285645629030041,82.41318856057961,3.1564995118070343,80.73060689624845,2,6,3.4133202707225254,8,0
6.503866065373549,92.60785275209135,6.713458356099746,89.83110669632443,3,4,3.109304410006898,3,1
6.582063894086094,93.2663111954958,10.0,57.746577742301945,4,2,5.063594796961245,4,1
3.181225090410522,94.24436366672457,8.176906431847035,55.81749624267769,5,3,0.4395796603681448,2,1
7.805588621872198,87.66476266435022,6.971109430398408,72.36811498117994,0,1,7.285451814795932,2,1
2.1962978744154382,66.2839410472342,6.605663756187599,59.629559303795205,3,9,2.080673346889112,4,0
6.173714187600541,99.60117838761315,7.0336988392180695,62.909041990051485,10,5,0.0,6,1
9.380911251619956,66.24385528377574,7.820678672762815,76.09479727587006,9,3,3.979521204365551,5,1
3.0189273497386235,83.6316255828684,5.228780777036732,36.359658687390606,4,4,3.2451980718930344,1,1
3.867404540794456,70.9486897997677,8.671482542003307,84.77453487279004,6,3,3.644040502334774,10,0
5.199302730175282,79.23033984088408,8.073071973161866,66.09020786494013,4,4,4.625153150671128,1,1
3.9930486917676014,83.94514892364177,8.077278588561901,58.8276028315673,0,6,5.289682579108451,6,1
1.8986731378677346,83.85628658540328,7.657713608214591,63.661487686678264,10,4,7.373302707335794,3,1
5.137125949612055,85.06304905082342,7.029424986540985,64.43644032530779,6,2,2.6197183249022107,3,0
2.8753925725477902,99.36453522870377,8.00929185395023,39.031980448326124,7,6,5.54858211632872,7,0
5.9471848612703635,85.44241161816775,7.887721200612067,87.42407341179853,6,3,5.417872902137434,1,1
3.1611515315323935,77.07012037651222,6.468938933588464,65.61988448405927,10,6,0.0,1,1
8.09986881003508,91.56904601946029,6.139597340654649,71.64503195671062,3,2,2.3336111949282534,10,1
3.4334934153275256,94.2736458670957,7.15278444289298,79.27324655861064,7,8,1.4260388714384775,3,1
4.355876967588649,65.26870621835609,9.323530227242781,49.6825631365955,4,3,4.895785717115848,8,0
6.62703443473934,87.1688008381983,5.141339386519149,72.10207848552842,9,6,4.675651831863977,1,1
2.5382713671320896,88.41407290773078,4.79871210137134,60.985383636518094,8,4,4.715855399969765,10,0
5.4549198692082586,76.4292379596801,7.247141261854775,77.7015616282474,9,5,3.388815464971168,4,1
7.614285508564857,96.50848175973942,7.076331552784027,33.09158869472757,4,6,3.5904868818396913,9,1
1.785033530877545,78.19933295560968,7.260012496555612,63.51358549638096,0,1,3.942838496777854,4,0
5.369267717064608,81.5069174416585,7.36592979686275,55.95769016324058,8,5,3.197773457474141,10,0
5.519765588496847,77.92313810859356,6.665196618047792,71.48394425951233,4,7,5.554364544209646,8,0
6.563645743554621,80.1869485709776,9.234795157903124,72.05066281052304,5,6,1.8606727479750664,7,0
2.526098578243836,66.84469895725758,4.598644032285227,54.38561157766961,3,6,2.4363722732823536,3,0
2.3590867738314474,62.719389408868466,5.757254462829631,54.31739203735935,5,7,4.242638464513115,7,0
6.0438831312337955,99.13406075869966,6.845117859776429,63.34001947164006,7,4,3.264141563710082,7,1
5.5939693464663724,69.83646382018007,4.5352167832687496,51.55036659027188,2,3,1.7824368411789786,10,1
5.5009857006917535,68.10329180652431,6.736218393351893,77.6297554317819,4,8,5.063850642737707,3,1
5.692896418993952,54.15931863675542,9.492205248592027,59.461891993288305,1,4,2.8554252548113954,2,1
3.6399505568430186,72.33245902772597,7.031329732443942,21.395176710175377,1,5,2.310558058464185,9,0
5.464507394322007,64.12292247911002,7.346051358578025,59.37766915067291,6,5,3.6512405851921987,1,0
5.586144946597362,99.70418192163643,5.1097528522411295,49.421842687340416,9,3,2.213501004963205,7,1
3.571297163947264,92.11780507211161,6.075457887940784,40.53086276808582,9,9,3.9316373423390214,4,1
8.731549022289514,71.74219585786732,6.437205429514094,46.43860042666141,10,8,3.280602328053341,2,1
5.947665841823575,100.0,6.523427354865649,66.64112707749455,9,6,2.9748397925064793,2,1
2.617393005594703,91.78118584389912,8.922465692505654,84.92961242372347,5,3,2.9873328749375485,8,0
6.313107217267659,76.10202339789653,7.836536591087687,69.6977671079747,3,5,5.991230328050488,7,0
3.050636659545357,50.00713142151712,5.332813064594452,55.90244917676391,4,5,4.738434822555356,7,1
6.574169207484904,100.0,7.369757167648007,71.83856292756055,0,5,0.581606947633293,5,1
7.317191158014808,63.32513039883685,7.747332622745178,58.113645346715124,6,3,5.76597241092358,10,0
3.358635363296579,60.2552150365173,8.7102235577819,54.58099446255283,7,7,5.03311408959967,8,0
6.926752258488643,92.27084518411569,9.370811029852561,47.684559976505234,8,3,4.915029803690072,2,1
5.825561853872997,100.0,5.477358712258197,38.72256789872421,7,0,5.775821772503503,2,1
6.64412031998898,96.61127382212622,5.783713733184493,59.15114440160832,4,6,4.030060073821594,5,1
8.793585965307894,86.76690944062831,5.113633211628075,67.37080234880197,2,6,5.240167363223913,1,1
4.509223767994259,87.13705209998344,6.6489702113395275,63.550644949776654,9,4,3.071056120287308,6,1
3.492527671285021,90.2409867053637,7.699537561669501,58.76049608078962,10,5,5.695160636418355,4,1
3.2209711407489534,89.10714307744118,8.481001774883653,50.813809089548286,8,9,4.436227110081113,6,0
3.3683794300691234,83.37429708763251,6.886073464536216,74.12369287527453,5,5,1.2460766911282128,7,1
4.845796581171792,81.25041324742251,6.520228715117734,45.24302120080122,4,4,6.072769935861088,3,1
5.682303949633288,79.24888246520572,7.227636988373111,76.64041870765213,2,3,3.7421907024592307,8,0
5.553381598660038,70.95242493359989,5.747285647554966,49.96674471609913,5,6,3.4637545819643045,7,0
6.654366498072047,76.63189907759872,10.0,53.71347143970448,2,2,3.114665078713526,1,0
5.026003783755814,59.684518229655374,4.588508459322912,42.998222140764845,9,6,3.2612727621435145,6,1
7.907068154314634,78.81992447846301,7.277110868343587,57.47896779671545,5,6,4.459270630147651,7,1
4.470686333524088,68.136906714189,10.0,79.62968687716969,3,6,2.024840009669396,4,0
10.440338333179238,66.75692819341074,7.010199766839997,72.73442132665934,1,5,0.8627746510351053,2,0
6.251334695530012,82.15872981384175,6.7149414474977585,79.67633168042053,7,3,1.8710689218007568,10,0
3.285684887167435,96.70402743613519,6.463831865784359,72.83213818900904,3,4,4.763435701680071,9,1
2.8582150038777754,91.01979927202775,6.729412477356388,48.44495257204446,8,4,3.6761237068734767,7,1
5.96494483048637,61.15399275652187,9.059272712014796,60.03816163508664,6,5,6.226386249153955,1,1
4.553074429348298,68.12446236115595,3.6822071330057398,53.29701306323806,1,4,3.870174534509958,8,1
6.428000988184184,91.2892542558586,9.300150551944489,84.95862356058561,3,4,5.685026216472393,3,1
5.94647524914709,68.21015127754029,4.864064271324782,47.04817030360533,4,5,2.6143707838998167,4,0
4.854342174686255,77.30440220003571,6.600021506148378,78.40546534083666,2,5,3.1297155811955615,5,1
3.30641256386319,86.60062518829463,6.3561333695520075,78.39430805163154,8,5,4.019048315867216,1,1
1.9703055506282707,68.37986654163637,7.88282990465608,92.4443030257413,4,7,3.7060460359057243,6,0
4.106970095865957,81.26450607375152,4.602813472174379,58.85470111055754,1,3,3.519269936734588,10,0
6.712797588646945,63.991694060981544,7.693258999122914,75.68483239370244,10,2,2.255770894983605,6,1
5.4281874882604075,72.78358827258543,10.0,99.22477754808264,2,4,0.8288759082681016,2,0
2.508522442576024,83.83738320971044,4.955238993110784,55.73537484599455,8,4,5.262033143976988,10,1
5.346361851702364,60.884075197619964,7.284559251415594,41.974396287014606,6,6,5.038520708715423,6,0
5.770634759457674,85.28569685552479,6.007026733305087,36.79984949138354,1,3,2.772261553852565,8,1
3.2322851275977342,79.76434641287983,7.638830809289553,75.69068043291998,8,5,4.757767575605672,6,1
5.307450211891056,86.62987945300577,7.028721666123628,36.75274687912125,3,5,3.6671079810601253,4,0
5.116417436892,82.68696960877594,6.037769636433536,59.41521420593116,8,5,6.212343503584661,4,1
2.714059404338754,96.36968515968613,7.7318084273066106,71.5596978055844,1,5,1.3754808133492626,9,0
5.715574720696567,81.5026940317749,9.706522164680115,67.7776330524487,9,3,3.746547316874492,6,0
6.121569052736469,74.84713350649696,6.713644312409052,71.38167296276258,3,10,3.5869065311021116,8,0
7.166102486350554,81.4675700363874,8.079636913222274,68.33434783701281,4,5,4.322231917712355,8,0
7.1076041040698055,86.51957634843666,5.0600905631932545,84.1829871997009,1,4,7.0742756217636,7,1
2.244661264085818,80.58632084390845,5.565345434772987,50.71525428891805,9,4,3.752565659723027,3,0
3.124349920169754,80.48710029444659,7.7086094168205666,54.84507292312203,0,7,5.486264359716402,10,1
6.0300705344173195,71.57609974631893,9.226174042803947,53.41010832093764,6,3,3.7043674698484583,1,0
6.027571901824418,72.04518898938862,7.53342002317849,77.45287717793916,9,6,6.141825886749174,5,1
6.030095372612096,63.16873673840368,6.530412954215269,78.50597882592595,0,2,5.505696662400542,10,0
12.0,100.0,6.998937108135031,71.76837978977763,10,4,3.333370010983992,10,1
6.141781021386334,65.07364117530457,5.124388399045424,82.75240500334891,10,4,3.189397878393314,2,1
7.271131280361198,71.68513762644912,7.90677298953305,47.32938698935429,7,4,4.973921278859357,10,0
6.908003526986405,71.37911281316963,8.323499593485113,90.00836167326706,2,8,2.6891879207907845,2,1
6.302782502611596,90.7390925233333,6.3218645007503795,87.84857932568387,9,5,4.381265191262422,7,1
4.369461510719309,76.46060386049567,6.294936778360748,76.0343299586862,5,8,3.288406844140245,3,1
6.517938440986535,94.97290487208481,7.398817344478073,91.7269836315659,6,5,4.736205296313626,8,1
3.4543495709248564,71.91811250907358,6.3449203959391065,40.150651884833394,9,7,3.677964848675161,9,1
4.526362786519982,83.34792994668562,6.900801078061266,57.133277956060226,0,8,2.6148376452190676,8,1
4.029272904341793,69.97583536088291,10.0,53.97044808977071,5,3,6.210613814807223,6,0
5.163748278772645,100.0,6.629461448881005,75.82218985636015,6,4,4.479112474486763,5,1
9.629317133347017,65.74881897164585,6.462489771968166,49.24788890596781,5,6,3.8928292493622787,3,1
1.2654696148165039,83.71784852272432,6.028687291547262,76.36242724006229,3,4,4.839977490441609,3,0
6.372520380749027,87.60532257118518,8.116287957249906,85.5580421599507,0,4,0.6576253342067346,7,1
1.7745682576206967,84.96558916941798,6.728163740172845,75.42804350125999,10,6,8.180369649532121,5,1
4.056136268421133,77.7765480934675,6.025940442517861,69.25626535492252,8,2,4.049375527771317,6,1
7.177901193934732,78.44215160319888,8.981956048409518,50.181899886488765,3,4,0.07365418023735026,6,1
5.128560038190925,80.52573766374931,9.129404506770456,52.29723550811953,6,2,6.394189052517913,9,0
2.8445104441413878,78.23597598045814,6.099364651391943,83.74428357945,6,8,2.4972229946342512,1,0
3.5693925814800638,91.56654940153892,4.200190072959076,76.69023505857999,1,7,6.087426706552261,8,0
6.359195497869352,100.0,8.511270534755383,64.41470720933684,0,2,4.243134975425298,10,1
3.5392667365657267,73.310098579906,5.973055261359994,58.73135681351164,7,5,0.8591703503220289,5,1
5.43291717916395,63.562364245051064,8.185938398744153,34.612881903329345,7,6,4.522523417210368,6,1
5.091143679807628,78.94061541978495,4.044844273432247,48.93721371973342,6,7,4.37541889625585,6,0
3.6967993047883656,100.0,8.338896007448964,93.67128630709585,7,7,6.303542938773747,1,1
9.28788817865065,70.35590518436322,5.183242106078828,45.793166434963,2,7,5.0443277407768345,3,1
6.267838044636022,99.6694016653288,8.096146178599787,67.84219731831621,10,6,1.5211767058898173,6,1
0.9497148266847857,100.0,7.021409601754651,80.11165959792798,1,5,6.0045385452370255,9,0
5.3729086295388555,73.35694109950407,5.569090870905033,46.17615997996562,6,5,3.1718711343993546,6,0
3.676427070463224,86.8277969502233,6.389445530609829,67.77065712171625,7,8,7.44053061770987,6,0
6.704866669592448,99.54075947754245,8.029477685435051,79.06873306265983,0,7,3.2904402252992857,1,1
3.4149585231345987,75.45046710815015,7.158841679672851,65.18748982860876,9,4,3.5774172844134884,9,1
4.770527117066202,77.55703567877165,7.876619470708726,100.0,8,5,2.356159334852495,4,1
6.0099745579609145,73.01982903261627,9.964660876773229,39.97101111682707,10,8,3.0028039286516517,2,1
6.731510388340243,67.8229192316856,4.653637582433423,80.88092794825818,3,5,2.47411863333577,1,0
2.5994071858884475,72.20866945920791,9.425818862452935,62.407973939053036,3,2,6.352897650732544,3,1
4.330997528318103,65.31271679885292,7.156533906284819,76.57880232255013,2,3,1.3369834008910946,3,1
4.050109377678088,80.40900161911071,5.6518239275153075,71.61960727548869,5,7,5.609159271475284,5,0
3.693341534852576,70.7603212272963,5.004529561391515,54.002657043350055,0,3,5.657320243035463,1,0
8.530908480562193,82.80543094148898,6.71631941383445,68.4349458868901,5,8,6.75509504589315,7,1
5.809963421921911,61.329252245556475,8.382475167886689,37.13147822902569,1,1,4.087523056879871,1,1
2.4782320913299096,83.97056278657348,6.808676319433698,74.0487125085709,8,5,1.9466124838514336,4,0
6.835723894109552,90.0023475393071,9.266732395371022,69.47237698985788,1,3,3.6564839052800764,6,0
9.244312394025266,56.075172289142536,4.823236464922662,74.57990252964653,6,5,5.189397059961625,1,1
7.064930521102294,84.48867883817087,6.981866578230918,80.87177487630726,0,5,4.169459877000276,7,1
1.9612600680919732,94.7320279096795,5.121409833380321,70.51429760314566,6,2,4.733455504371626,10,0
4.031531854267497,65.48430777570553,7.545447823937452,67.22134129697415,4,7,6.730572271782733,7,0
7.533822298373245,100.0,8.33033108514595,51.78397495008062,7,2,5.164006708857232,3,1
3.5846610687624385,85.02822811239254,6.36885730947842,54.316688545264235,3,4,4.396883057061711,4,0
5.887638856292456,71.53985773089909,3.0936792150592987,82.80101930265997,9,5,0.31127667555862715,6,1
6.5492681068586736,79.33077106810752,7.298422220194742,86.54503108558967,6,4,2.4322988306905655,7,1
3.1461390568438343,86.69992295026067,7.655107827600264,61.42834345531919,5,4,3.1906497636116233,4,0
4.8809492878764,80.91206469694893,7.606442132442546,65.69004120879912,4,5,0.04577364109108961,10,1
0.0,86.46507190935642,8.853673287733232,51.43078437509351,3,4,1.7814628270656656,9,1
2.9512247173314203,68.9519168830476,5.393419480526427,82.59135267901168,6,4,3.463094877606472,9,1
4.494863697213679,82.03232988843294,8.020324158175674,74.98125235537668,4,5,3.7885639505978057,9,0
2.504433636070301,63.03542603714024,8.788761268716963,94.11826154695623,4,7,5.011620531287319,10,0
8.26482260786327,78.6652872638156,4.332118623990224,51.82515384230392,0,6,3.5894148118972136,6,1
2.1397172440787346,69.15310830242252,7.479477738878466,59.32988151472674,1,6,4.496081285791609,2,0
4.119911026606032,71.1736406889228,6.243730253488493,68.47168883788359,4,8,3.164421101841869,2,0
5.2614811545721825,94.83311810252525,6.877715990347531,74.69734306588656,2,5,4.0840264591069495,4,1
7.8825465781322315,93.09572144713123,7.5215147253075045,61.764985436785516,1,2,4.901945621503415,9,0
2.1282756976411212,87.30965745088612,6.2691571538296715,51.90558364319449,3,4,6.945260501326116,3,1
7.326327504309919,66.89224682392906,5.986437881257582,78.22111293385356,3,6,2.9707143837975742,6,1
5.020466122039174,76.20309860366238,7.051228626232037,75.81703043818372,3,3,4.288363983017859,2,1
3.036982697904098,94.5571723997502,5.369131091705796,51.25588849154413,3,3,5.738255074436388,1,1
5.924206948526542,81.70060296367886,5.371262306672222,85.33164201658244,2,5,1.1208127843395657,5,1
5.39811939114694,100.0,8.019059924434755,82.55298063794905,6,5,7.9956522500542615,8,1
3.799566245682411,84.71981407273246,5.276808947262015,67.01444745871689,8,6,6.358061505183894,10,1
5.139604169980037,82.30458939788038,7.999468751363818,66.19396793564054,4,2,0.5770230292701197,10,1
4.22937280627648,76.29060242956999,7.693886939280927,73.31086656673861,3,6,4.74276368320688,2,0
5.227034690502496,81.6024908573874,4.411289906814105,52.074453946156126,10,4,2.8710931322717688,10,1
6.324261349042093,78.17036196343348,5.983653021496517,65.45047218746123,1,3,3.205303936163778,9,1
8.172033632290704,88.49730412026308,8.79116410457106,32.714246830862294,1,4,4.701002993644209,8,0
2.524369002346302,91.480427801535,5.528251703290477,78.14683468254404,4,2,6.100799071748877,3,1
9.266066749312532,70.56812647390461,6.303393606535918,41.57760166337211,6,6,3.068254115653429,1,1
1.0958244009549962,64.02520455730667,7.693091339877845,87.55129742643499,9,8,3.095103588432786,4,0
4.6964298099288335,57.96553552276044,8.175085763923892,60.04819859050325,9,5,4.744333524732217,8,1
6.176634412969153,86.09589592295052,6.622691670933256,61.82499527103235,8,6,5.143912643944999,3,1
5.561983735470065,66.75960072591351,6.103734707962538,55.583991408732416,6,5,1.9857372563918387,10,0
3.7546009603588124,54.165312884570206,9.133554792547761,60.679416891168856,4,5,7.447345803383909,2,0
4.5837554992854495,84.66294325437157,9.608349495696368,86.27797017722055,9,6,2.7133713456803568,7,1
4.013998130682334,100.0,8.468287076172693,27.68287015197381,9,4,5.92934847937284,4,1
3.821270486111577,79.92714906152128,7.127977213847536,84.15448079132281,9,4,4.903409299781354,6,1
6.699204194042049,90.06188929341971,5.78760141753861,70.07035221652562,5,5,5.212647844016574,5,1
5.714030971930095,80.98195230257078,5.7543333901651526,46.89467528214176,10,5,2.752097167517464,2,0
3.6141808094786914,78.81332416170629,7.783771157898636,48.87031410426143,2,4,0.5522995623799223,10,0
6.799199750866501,91.02891779585322,7.627597331333026,90.14589540812304,4,4,3.957197004181604,2,1
5.614599041753219,76.51670546973618,9.102397889419644,50.81739680085903,7,7,3.9654397278774076,9,0
6.62572423767792,83.20870776886284,7.975675138804209,47.69974234106061,0,5,2.0839561846294243,10,1
6.259257683847224,83.86037367435216,4.7453795473602725,82.05971813547094,0,4,5.8358863831242225,2,1
3.3420099781558554,71.98291455628342,8.577921426584378,70.07829314428871,6,3,3.8969411236271188,8,1
3.879637919606061,91.90450819443828,5.502909059028381,50.93111635195402,4,9,2.3818546761150956,8,0
6.494587210246523,77.90048291965509,6.424043092071472,68.24937463106929,4,6,5.170142688768163,1,1
6.22074053086693,70.93105808608587,7.3753003093775416,49.61370974539584,0,6,5.22324000222542,1,0
4.958196812071704,86.43811812284484,9.993501234675946,81.51232097633908,8,4,2.567304121728199,4,1
5.234654766617564,69.21838421850755,10.0,80.920564473097,0,7,6.466783864818762,2,0
7.55532979157685,80.33817388842954,7.910084588704274,72.98009298232915,4,6,8.486487926460708,1,0
3.8168572223283403,79.89057204026956,6.725205071919418,70.42491591870525,9,6,1.8199390090527081,9,0
6.094194762340075,93.03074678997893,7.801758472720826,91.41782187301061,8,2,3.6326120672468143,3,1
4.595614695132212,85.69637879455944,8.331483138810754,64.99529491082338,3,6,4.674019601797982,1,0
4.56463759354556,79.69967649505827,6.518998561664213,47.27188811868798,7,4,8.560520460597854,2,1
7.19755370397438,89.81319559040344,9.692817033868483,71.7421086924846,5,7,2.5324454343852425,8,1
6.6508326979760595,96.68249058820776,7.345106138787103,96.2907057430567,10,8,2.120831022810503,5,1
6.627019272001277,86.69372367622235,7.746614633637091,49.77860760221222,2,6,2.1071617054304967,7,1
7.610957614308658,80.12423143812056,7.998886378081692,59.57805849959021,3,3,6.442847186783904,6,1
5.042007683265518,64.25796521179808,7.632379915921684,71.2466905715218,1,4,2.58433744353213,1,0
6.363905942589928,67.21863604309553,8.258410750704417,64.19142726491391,0,5,2.299731594564763,6,1
4.379466486813088,76.33730354774399,6.074120220179616,50.26544629434028,7,3,4.461934657390308,7,1
5.648332704976884,72.6858535740886,6.162547369080954,81.82786784345706,0,5,4.616442623167961,4,0
4.739713891264631,77.75634436417465,5.349768650542458,99.80061083025889,10,8,6.142040944225672,8,1
5.193991929985437,80.67979909876529,7.659251845930339,67.94197188535861,0,8,4.183852074014453,8,0
6.190314050873827,86.35631305228077,8.16840475526817,51.43897565396,3,5,4.497864211920534,7,1
3.3635586335330547,79.15401466329091,7.686659299227829,41.76559212419787,9,5,3.7894587688413996,2,1
9.184774551370921,85.83801972591442,9.511738650021305,68.86963971831771,9,8,1.391386152947173,6,1
2.987965237000596,80.77369297772144,6.99160597175643,81.55816014974387,5,5,3.6007906552726405,6,1
2.5716227744245357,56.294401203753544,8.003112483388769,72.12751619743072,8,4,4.1256671458386815,7,1
7.316221747000135,68.72797527417495,5.362448685791028,64.9639423862172,0,3,3.1123530406173363,6,1
6.583325387925871,78.27094933134062,6.419350446288399,56.160925223160405,6,7,0.8710920267520632,2,0
6.24823963410431,65.48366308590671,8.043306636348666,48.617545509228655,9,4,1.7300190644777604,8,0
6.25669101852856,87.19914475995445,8.273653166114716,77.52126989487323,10,4,3.921237404209703,4,1
4.975506454306171,98.36900998812436,6.559049578503727,78.70657432078379,4,5,5.86550619181052,9,1
3.2054912570283367,94.62514222036779,6.892601122212899,41.814053199639005,7,3,7.364568192246432,8,0
5.151609116387453,77.4386855488375,4.723189379978786,88.84758467271025,6,5,3.632338839359756,3,0
3.6456765769757764,97.88871364219942,6.464456198790086,73.61106831341002,3,4,2.566251458575051,3,1
6.9502394668355025,81.78400948642533,8.33557474527968,85.99391967718691,3,6,3.2549810029323902,8,0
4.705885236995723,75.95496834658353,7.86280752415985,44.868083772723274,5,5,1.9071695276125769,2,1
3.349005606414977,72.63916803750872,7.750998582071815,44.51263766876842,5,5,5.575491082622863,9,0
4.357228316694013,76.37036376214246,7.07466053077144,62.765460353490546,8,2,8.275223258758448,4,1
5.825862908551248,75.34187817750525,7.010594737942265,72.54176640342791,4,5,2.6149302312899945,6,1
3.8725508943920506,82.04499466850585,6.0095182907898295,91.94541234390445,7,3,1.6159169116761358,3,1
3.3555592088671373,81.92688777259838,8.048242630303802,75.59118370722697,4,3,6.0129666599805685,3,1
5.487374422983825,80.03655224184098,7.631459416584085,61.3597808478195,1,5,4.636103096357919,3,0
5.4899331422174455,85.24325803695619,7.738028271989199,49.60446188501162,5,4,4.669858051790976,10,1
3.9861136492577405,94.28775529743609,6.210947735998629,83.45000859078725,8,3,7.176347856341907,2,1
4.057923388763355,91.39464962529588,3.7699856201931334,50.52941861373928,2,4,1.2670273587292673,8,1
5.464099874715273,62.18122437860116,8.645729067630544,89.42702832158483,0,2,1.2111668694821889,9,0
2.1038313170053518,49.352946381176544,6.281743815987394,60.73423025590236,0,6,3.67657136763879,8,0
2.1850724512468895,91.21183893487128,5.705836353935319,88.85873108926776,2,7,4.126807021720985,10,0
3.563111557495128,63.59745561901495,8.04021836787099,75.18396935088917,9,3,3.2901034665186835,3,1
4.573105696576306,77.3028151772878,6.411981040121305,62.94506765836313,4,5,8.92150585741676,7,1
5.621815131196009,65.95864368728769,8.589904576069934,57.2090544226081,2,4,3.3795158836281467,10,1
7.950712433899104,58.37623474903977,7.9255089243650465,59.886381839808806,8,6,2.898549435455571,2,1
6.7153192464040385,86.49755273845746,8.025353984800716,71.42475038562856,7,6,4.248687169762261,4,1
4.680122940073145,89.10986192363177,4.951066433199198,66.15734744326575,2,2,5.941773824026705,6,1
4.961967584194622,73.08187519127937,8.8179159780796,56.09282887896942,8,2,2.549144513633209,5,0
2.9949412707243823,48.90749249426108,7.391875796850784,62.515528845235515,5,5,3.706026699670038,9,1
4.96297372801522,73.44506662097021,6.4460842911306955,66.17865544578724,6,2,5.998569280469017,10,1
4.422682722159723,84.70164806483056,7.215082701013377,33.06898858377782,3,7,6.109612866189246,4,0
5.645437120676179,62.25306117471045,4.33564715065252,71.87252172183048,3,4,4.435256200245701,5,0
3.345538112895354,82.20031903734987,7.612979217221007,50.3041816292479,1,5,8.836782440509001,4,0
6.038693028482345,79.81628180992405,5.455942737726893,47.700013951913824,4,7,7.961302093391241,8,0
8.065477826005155,86.95149799521306,4.970994571234698,39.689834793339344,7,5,1.1877676378805226,8,1
4.782479703086285,81.43496442096983,4.716461220673163,38.091612531981646,6,7,0.6160775606248503,3,1
5.8034234441978825,68.32317270942133,8.669032562484889,44.668287453315656,6,1,5.591428895730717,1,1
6.380287983422225,94.3588580199739,6.056104909460817,54.36468563554264,5,3,6.7307312892823195,6,1
4.197559056228328,78.09764512367636,9.300591564874749,94.29888706289853,2,4,3.5504820302831877,2,1
5.448184963620833,79.67234552588081,6.196297805421553,57.11180486157194,4,9,2.9956084165523427,2,1
5.02518480156359,68.80078449112165,4.43896306361058,67.66625159402047,0,4,2.3594188121886135,3,1
5.195352197097663,74.68061298570187,5.325213340077012,71.00722079759493,6,5,1.66397615231259,8,0
3.4539804322890673,69.38236743167718,8.853717430010407,66.96597779323773,8,6,6.272685591823699,3,1
5.049020348517885,77.92464728091892,6.766152733094999,63.8383480891101,0,6,3.237410078390848,7,1
5.9959965824909,100.0,6.177569055264098,47.07059354601133,1,3,4.6036015140219595,10,0
7.902287215590084,63.537186284823726,7.240027338779181,86.76391322418817,2,3,0.3483885162140221,10,0
6.918541652170414,60.6372632254791,7.752674104251318,92.10794965456827,2,5,6.004542071351221,9,1
9.306364915023114,97.6540439299233,8.67609822385369,39.76011958815971,7,7,5.175556455779297,8,0
3.465304874223901,77.48811587417761,9.17274884483939,49.639571136704305,6,6,1.3106215995000938,1,0
6.744641273441356,71.97112713608101,6.460347031316371,60.802844864344905,5,6,4.518057642967429,7,0
5.366684011476703,92.47885624875292,5.010928470876943,50.53193307634713,9,4,4.009486719055177,7,0
9.379605866435345,72.73261352315762,6.379802258315086,72.58948330183797,9,7,3.0996901603145437,8,1
3.383403429289697,100.0,7.3904207598743294,54.0759169639008,10,4,0.0,10,1
3.3205563156384477,88.13511045607123,5.554361610684084,97.47584101709904,3,8,2.6793414764972527,5,0
3.8012147091119557,74.14506310225157,5.564273627657435,82.85822891515394,8,5,4.6048622915522435,10,1
0.7522085513803862,100.0,7.5156818223248285,68.18861045948323,0,5,2.9028700988857494,9,0
3.948489956638478,72.73142092395994,6.9270214726443236,80.40479394979599,10,4,3.556609926482081,9,0
3.481734676892604,88.90514446411169,7.04919549311738,81.58850636535963,1,5,6.993513571980948,8,1
5.300787572952415,83.5915109648779,5.8622569979498955,56.54078767912635,3,2,3.844983977707428,6,0
5.683511951554319,95.62089547278558,6.654398928691349,52.75674133187053,2,3,0.0,6,0
8.752341678431772,98.73813436072223,5.6136502835975435,66.17214594454471,0,7,3.63029927869894,1,1
6.9008476763721,80.3840497887892,8.33529761668718,77.92454186746916,4,5,4.198788179122859,6,1
3.8461926886751936,70.9589855558458,8.552874002085629,67.08590597980127,6,6,2.3492906860761877,4,0
3.203170657303284,85.5196657152694,4.230718206642859,41.345052767135044,1,7,5.4694971914820165,4,0
5.983838343013011,71.86741556297473,5.6057337097113855,52.95763334073737,4,2,1.0755420549579053,2,1
2.3595335859587157,100.0,4.755206117364882,63.89040704608433,5,7,3.7245178018848435,4,1
8.662917531708707,81.63842397299285,6.024964098389653,63.865015935112545,10,5,1.0524821973132044,5,1
7.358880241442574,75.61614138425469,6.874843045314459,94.58813265184712,6,5,3.4086245650849287,5,1
4.06164869579059,82.2161636703789,4.825532170452204,44.21018086401503,0,7,5.416259720990561,5,0
1.573730941818245,63.834484525643646,5.6172102803120305,72.58383862753811,6,6,3.676640145571009,4,1
7.707744748330826,68.34063153787218,5.494063941877752,87.33669662492434,3,5,3.5598929852566106,1,0
4.770920309494764,94.4049668953331,7.310900994098416,99.07174618134194,7,0,4.055540157070631,10,1
7.4756326239469235,72.11726865234326,7.104016505554376,58.93403865224058,3,7,4.15553493794506,8,1
1.8111446824112658,67.43706820781672,5.91739366999412,72.37144179080299,5,5,5.3875038414135386,3,1
3.8012499540924543,86.43983303032743,7.265231308209097,73.54640535797971,8,5,5.399631446210031,2,0
5.010487399436366,94.22844985595596,6.179979873119102,67.93222597329937,4,6,6.843391766569697,9,1
5.093961187529484,88.6274397279808,6.59251733451092,63.51732198141041,3,8,4.335233971058757,7,0
4.099869057041513,91.9525722296698,9.510178135447806,71.53963084250069,7,4,0.678551009779965,9,1
6.2456998646949975,70.91845893716646,9.010691577685522,27.016308721704718,8,6,5.715897199248687,2,0
2.8647591412348112,62.93827199909788,5.050628144608604,75.23104235093948,3,4,6.699648918409183,9,0
4.715241029957413,98.01600382346584,8.244598626818762,66.89266855492951,2,1,8.923390034369646,10,1
5.240591263423798,76.12784193389437,8.217094831737388,61.66287654832602,7,3,6.903411761553647,9,0
6.028877668117498,76.99000380253943,5.277605066871073,95.70293293579337,4,4,3.0194031794788367,9,1
6.423229756177779,95.9383297021887,8.228166465632292,54.87598971814172,1,5,4.374368054977168,10,1
2.7507158163242615,86.67476011280792,9.30689787761883,58.95386016402454,9,4,3.4587465069194847,10,1
1.9317716585287554,85.47065326497929,5.316182790633379,94.873299533071,8,5,3.1869461497936786,4,1
7.555353643797018,100.0,5.623745768478605,52.51908042725215,2,2,3.77302921832674,10,1
5.6646280239591835,72.27778123543828,8.526492200265254,56.748270755951914,1,2,6.571486204266129,3,1
3.5030269268868928,91.13408153697485,7.4072429662384724,62.79461864853725,0,5,0.8216574309773392,6,1
8.102303951045046,80.68415749876502,7.827214412859285,77.61101723194324,7,5,1.9949087352209558,3,1
5.231349268585717,83.22310734635909,7.510883824600745,68.1170376102997,10,5,6.438986045133259,9,1
7.358594368127653,98.34162111695038,7.586043881392216,45.610619792716065,2,6,6.907336348147903,3,1
5.135036962820218,86.09402907547549,5.010291807533376,57.01747155309216,6,4,2.6810085833647657,2,1
9.121495849763974,86.4595529485956,8.570976559932173,55.88968350181683,0,9,7.301496688610435,8,1
8.510681684886409,92.87008804771763,8.754384988641661,63.84168432165431,0,7,5.9517641666155034,6,1
4.502071703041853,75.62056724548538,6.655913883897958,71.38765487944744,8,2,3.4644777279088164,8,1
6.943141901908711,69.92948399193193,6.934784575279206,71.27308633831959,7,3,0.0,7,0
6.290751899170295,67.4622896717476,4.703338746166416,38.359823689273966,2,4,0.6639697126645876,3,0
7.737263115064698,56.40372092748798,7.771382134026752,80.95911481341284,5,6,2.6836466247807134,8,1
3.070153078839791,100.0,7.858086162571216,68.78853268994935,10,7,5.519873963919656,10,1
6.372102919996879,66.7614996113398,6.906713474501034,85.7679807139086,2,4,5.526200049095829,1,1
7.116848973699176,77.34495651697074,8.686530039805755,71.66297490936007,3,5,3.067101616186261,1,1
1.4825210271537714,76.67824040133296,6.498884153530089,81.51984436603644,0,5,3.5374514692748478,10,0
2.63348297466845,83.68888037370921,7.8469088888404,71.9981796717519,4,3,3.93503730011623,8,0
0.9215356444797989,89.78884655047156,5.470503491961827,85.19338634304123,0,3,3.562523974098361,9,1
4.461186331110884,90.32568186031695,6.964671773688643,72.83375954026668,0,7,4.327267527337587,10,0
6.435084511591924,73.00307073717273,6.738468613145746,63.53127130335644,9,3,3.939917686503676,6,1
8.004714104192056,77.99453943456307,7.337961883061412,99.08652080670322,10,8,0.6515457018160613,5,1
5.14818956083955,83.39095940585959,6.445709606749962,78.33555683419839,10,8,3.5848768675614613,2,1
8.257231091142584,77.01570648579744,6.802791106492498,73.60616631506619,6,5,3.954804333910195,9,0
2.2397970835702172,99.28814691223991,8.23907075716226,45.85543375192496,5,5,5.979598691855022,6,0
1.5932351212896907,85.89169941965902,6.344853644142674,45.675385738046934,1,3,2.337387736719431,8,1
4.888904602206763,88.8185334325978,4.590134348891981,69.3907322321278,10,3,4.407810702689808,9,0
5.768130897878614,87.95457522400895,9.62437585630813,67.18281796652361,1,6,5.125679992643208,9,0
4.934610503811814,94.08168628982389,9.07218111803573,55.78816152487526,10,5,3.7033056423843576,8,1
0.8651157999202468,82.17225870444449,5.0616059573415715,67.1147404941809,6,4,0.49040422925751015,10,0
4.821759920974423,64.43801662452984,8.034561707867791,88.82940392065393,0,6,6.020138041187225,8,0
2.3910609989902936,84.7962554210317,6.245537844172985,75.43103711825448,1,3,5.494282464053207,3,1
6.339345097660077,72.18371727449805,7.39523082299659,47.88487235370893,7,12,4.457546760049364,3,0
5.733196492193697,73.65659981900292,7.4413361935202404,63.32736759285584,5,1,4.080660801778288,2,1
3.1202404273452897,87.03636822506112,6.648388299525517,52.925502787211585,1,6,0.43715020089673784,1,1
3.972266165326613,94.85939685720362,5.824351501620406,59.18450125387158,6,1,5.54931327178015,4,1
2.881572956222097,80.25525892083274,5.964188421525611,58.79576501555536,3,6,6.972792086656752,2,1
4.874641805453656,83.70599615118756,5.6257121267781365,57.83531626093992,1,1,1.772508959156251,2,1
6.910284641002477,100.0,5.752266687654333,46.17296942039908,5,4,6.690037312543161,5,1
3.0285479073289125,82.88903815386281,6.899232564925967,63.08517977722715,10,3,6.262915592690712,4,1
6.008093031035688,100.0,5.926360016333872,56.59088544729035,8,3,1.7136093532999221,1,1
3.9394847632551184,86.78611574757853,8.02307809856893,21.05826964996598,10,5,3.211712801294208,9,0
3.4142543354753117,58.87084689013019,9.23086923300389,95.79458036752494,8,5,1.20912471378066,4,1
4.785939280090885,89.04009945325438,6.129920137944936,81.33154481325008,7,5,3.8697233285422237,5,1
2.929515355161252,84.57390061859333,7.359106750803066,59.35548912612506,2,9,4.896635124860314,7,0
3.892701389305636,95.47703304899295,7.7495276654544005,65.28228574610898,2,3,1.3590637379594566,2,0
2.604244214822303,88.0781762152395,7.708003406378912,47.42518479023657,1,3,4.771605550249397,8,0
8.929450265832779,78.33852819219472,7.113932901874131,90.43584316716297,4,6,5.278251526956988,2,0
5.070527103943458,65.30842116452762,8.114023627539584,93.45933042159668,3,6,5.306957312437467,10,0
3.6005489840148286,77.4917209125677,7.7233734290209854,67.35040592369786,6,3,4.909005144171257,5,0
5.427959821468444,69.7937545494884,5.143506366509053,80.35295966278017,3,7,1.5430186472381853,2,1
4.77534390061834,73.03371860234333,8.30373409658391,67.62930168400885,8,4,3.75705196289991,2,1
4.558060800933554,87.06294085304731,8.330936255900113,44.94911841686104,1,1,4.704704220628107,4,0
6.22833340008685,100.0,5.855070843732127,58.82264946554514,10,7,6.922051244678195,4,1
6.51501542009461,84.73605835787578,7.056906753171403,66.97891950157936,5,7,4.004931658975039,8,0
3.938997704778945,65.6494032555778,8.024993489216603,58.181784218848335,6,2,4.851082588551562,6,0
3.8483635187106398,85.33523201864169,6.686029270630957,61.72020083847446,3,5,2.1359463727095975,10,0
4.449896605696712,94.35957783974781,8.609467071649018,63.62900663736328,5,6,1.6902119276682566,8,0
0.39615767052883033,72.68260514816741,10.0,63.78682253201808,6,9,1.4338560205392237,7,1
1.9696178756028955,78.39179399992499,5.821020951047526,65.78387735746225,3,3,3.159463451778289,10,0
7.733748534889049,80.17625833675037,4.928433095269337,49.09092400405099,7,4,8.124102306013718,4,1
8.289935427002568,70.58122024301312,7.455727893407314,54.244757763080955,8,10,3.1958474811202993,2,0
4.501927920887243,87.77936520612631,8.082343757689216,45.73123601450046,0,4,4.729252707884101,9,0
6.153113926111533,78.54862221670662,6.653700439232846,79.667233245293,6,4,5.114195917141991,2,1
5.622500309087072,85.03438932688434,9.179890994981552,33.415295872395134,8,4,1.8169417819276812,1,0
11.157761616910475,69.3500938663748,4.992091300415127,82.30385514975389,9,7,3.1297862987757226,8,0
7.2391498228691535,74.75050039611908,8.039377934547417,85.79524095894266,4,8,5.248830277865048,10,1
4.744164817038467,88.66857629393326,6.09120876886166,60.46729119526068,1,6,4.856654828338846,9,0
3.0889191187991485,75.52600217489879,9.579066859310945,25.952943682590522,9,6,0.012010746641517578,1,1
1.787107359484855,100.0,9.988773029752178,59.580341570490646,5,3,5.188820707914504,7,0
5.406927271734446,75.20436577262477,5.850015118324978,64.0372375806677,6,5,2.898019218312431,2,1
3.487298509431393,82.69621670902264,6.17566429613713,49.8410267010663,1,6,2.9503656074142697,6,0
2.1554925808046517,91.19108998247708,8.289381830469702,57.27172409287636,1,2,4.809731385927219,5,0
3.7068542315149466,62.97961120480362,6.4193040253157285,87.95292798295027,9,8,7.045871848967587,1,0
2.83690399277121,58.87029425623069,6.931883173101642,74.97390743452611,9,5,3.5991307466112774,2,1
8.37428327014513,61.692124225158864,7.038082630813615,51.1315382843285,0,4,6.358100431078531,2,1
6.763279513898901,95.15100924112619,4.120490265703515,41.03601245606852,3,4,1.1181544642363064,10,0
4.9840547173667655,73.37770224929064,6.9792433808586445,60.094740235853436,6,2,4.261486691824261,10,0
7.959888277780052,100.0,5.965408338903739,61.798148309743425,8,5,2.9178891881438407,6,0
5.154736615295237,73.22902881611134,6.260315766400342,72.44298781044975,2,5,4.564013973512122,1,1
3.2774315973434724,82.21461563836445,9.16544800520322,56.97024931148512,10,4,3.407385194429796,4,1
8.046248154539315,98.50531943081451,5.115239658581116,72.67249363042792,6,2,1.3178771620723908,10,1
6.077820087369317,100.0,8.219807780121966,94.02731060090343,6,4,2.2251812743977157,5,0
2.925507691347087,100.0,6.581555604502287,77.23251533666394,6,4,0.7135978402868277,2,0
4.619322643832784,94.50039476711771,6.5803597472562485,64.27867239003841,1,1,1.3861975421025643,2,0
3.2487634932304856,92.28875030973755,8.185557844077566,62.25274293420058,5,8,4.960648749750096,7,0
2.234400538071328,87.1103233904142,7.5100769418533355,59.64990298730193,1,4,3.497925740285555,7,0
6.852355095063283,89.34033291399965,7.855919495829296,82.70961368678218,5,10,4.461728820256175,6,0
8.818833280940261,73.38577140405759,8.452276990799291,55.59029831073046,9,6,7.631154963190144,1,1
2.2028648523617176,70.18161339893231,6.503037425225016,65.67834063499974,2,3,3.4080564135754785,3,1
6.125938473381142,79.95950651106858,6.081644898238375,65.76796852821629,1,6,5.268567866364476,9,1
3.698714861756346,77.95778452970086,5.372274210163303,57.47323710782702,5,4,4.05627102440251,10,1
4.0257492324706075,74.5612634080727,5.761884205031567,44.41301678173849,1,3,9.525369065463003,1,0
3.8152121515222617,88.35664936948058,10.0,69.84461755426503,4,2,0.0,2,0
3.2720184606403677,91.46366250284613,8.86701937110518,64.08494042216924,1,3,2.564675448055757,8,0
5.097043255889654,81.06088263550217,4.973388450687968,72.50360704154855,2,5,5.308047948462962,7,1
3.3380997671779244,97.73036097266314,5.016313064884645,56.99599540341249,2,3,2.4941892091441207,9,1
5.540913651559678,66.29973063039793,7.722799092577738,83.31231948219572,5,4,5.132143114619962,10,0
4.899523781101726,77.67608648864338,7.820897196066951,51.848393281822325,5,3,3.8798416142066223,4,1
4.522103906267181,71.39813215276634,7.8233257529760465,90.68060426026838,9,6,5.729897676023274,4,1
3.1848726759168042,57.60156059512328,6.617566309669453,38.78545235257607,2,5,1.7357543391446817,7,0
3.8464573388633347,79.0078317698876,6.811818609995649,71.52155096835337,2,5,4.345684621232709,1,1
6.510782451651512,78.5390298994006,7.4918192862390365,72.13146023789935,0,4,4.932036460026769,10,1
6.0018343752487615,98.16139691890558,7.128839509439995,53.06664398088677,6,4,4.263578316422673,9,1
3.044889510402898,87.56974021465733,3.671049440878697,71.36590906791518,7,6,4.298824969841777,2,1
5.198664610858452,67.70975810804954,6.6553005541372094,84.19278004640239,1,4,6.40486181155912,1,1
6.502774246743578,100.0,5.72289034860953,31.74771740968903,3,6,0.6401885069902096,7,1
1.6611894377572565,94.65240434630424,7.262817128362768,72.54117211236222,9,4,4.24993438158337,6,1
6.08672038475987,86.98517244162339,10.0,27.600937695048835,6,5,1.5817037342414415,3,1
3.674752482108307,77.28219081380202,7.551222498211457,50.51502794715188,7,5,5.515221873852621,1,1
6.141197337186319,68.48672915931824,6.529705470741403,89.43749547351418,0,4,2.324132835260568,5,0
3.4734816869149663,75.53351868714736,8.382702252965878,56.27326949911919,3,5,0.0,10,0
1.390235798670962,93.06498343645023,7.724031830813819,47.39180053386541,5,3,5.5629348284949005,4,0
1.7449151242336747,100.0,7.630141735677762,62.03093406522977,2,4,3.4632574120820627,5,1
5.096169893322764,98.51892233926627,7.910275889823507,96.01859507245328,4,6,4.713259232203205,1,0
5.519445003442963,74.1338069385647,10.0,37.52476629190961,9,6,6.854017805398123,1,0
3.191366749791183,66.56459080053186,5.303667347011126,49.230351325409835,8,1,4.74280217186447,5,0
6.277184917554748,81.69063496293445,7.710448115217182,87.4614752476944,10,3,4.338856167817897,6,0
1.6769598754620803,58.77872761324578,5.610428305027693,92.86553515306599,2,4,3.9054592415411387,5,1
4.867840402705367,83.87801257021738,7.833268969513372,63.44853163564574,4,6,1.7053870325019767,2,1
2.5779676004750867,78.22876896441598,5.621970232770859,46.41420946210036,7,4,3.5695042838092164,9,0
3.696327784395682,74.4075619775811,6.373949779592373,96.43765252713739,5,3,7.947797156885166,5,1
5.094797342632828,60.86356319279845,6.5573651286431405,88.91663587623795,3,14,3.2495615397322037,5,1
3.2791732694320954,86.1632012788366,8.463725079017063,75.18420481643349,7,5,3.6879726811534894,10,0
4.230888911540349,73.60758992405707,8.37768166591362,52.8139647659387,10,4,6.514169784210692,9,1
7.012585618428881,65.96099797147654,5.131423935330423,64.26455988742944,2,5,0.9174226781960839,3,1
3.8462162609537023,45.53285344062021,7.082401166499773,62.59459878432754,2,5,5.240248101913872,5,0
6.671384224130284,79.66982113939237,5.935630217876241,69.96276956923367,3,7,0.8222401603899003,5,1
2.740586290684764,100.0,5.112242633986998,86.76502157197004,8,7,4.798377433762919,2,1
6.059608355830566,99.93511057457444,6.674474424363444,78.19125561706105,4,7,3.955181103203597,4,1
7.883137241315801,74.51484492096473,6.537275817316271,48.83935884522863,7,2,5.224800321596027,2,1
0.056710999745421375,72.77345527565863,10.0,85.64744675029307,5,5,1.975051259691218,5,0
3.406209489059046,85.62529107290028,7.649439738041044,69.69698210019733,2,3,2.92993383061686,10,0
6.15414425436108,68.0193747297405,4.933573748868644,75.30598693788374,7,7,5.328105906611166,2,0
4.593909227914015,83.62150279783359,6.152838993743586,86.99811288917904,8,2,2.9803349669963985,10,0
5.742291746742618,89.19296334061629,8.532074943144098,48.32629625729673,7,6,5.511030521057005,9,0
3.792029626568359,94.7231986866117,10.0,64.46261631940305,3,4,4.418339621377504,10,0
5.1731795749458,78.79815108224057,4.621025031643063,57.028181729611774,10,8,3.108496484139678,6,1
4.688645529215841,77.55591499787641,4.1801134222914325,41.48210861951816,5,5,3.3692916439386495,8,1
7.335564123319615,69.46420895892126,9.806447763057673,70.2006496640738,0,1,4.007009663337238,9,1
5.508841686602426,70.07743575152168,7.5844212660563555,100.0,3,2,3.5596357719171965,8,0
5.675205324150404,77.28225329718168,5.69756090218545,37.39883383241371,7,3,5.460499507465899,5,1
4.1762460677550655,84.40838608179413,7.801943629183653,64.51579083425794,0,6,3.2574413409518317,5,1
4.024787551855013,90.963015514799,3.0463783914746836,74.60814402612161,2,8,2.8539381475755574,6,0
4.134883624360758,70.36185259183586,7.005063259895741,66.84617302484271,0,4,5.820503363065722,1,1
5.788904284756594,97.91226282751427,7.491731759264628,63.303079212263896,8,3,3.1557416718544182,8,1
4.158031038359474,76.74651678748917,8.386405209306744,45.51175454831264,1,6,2.919256759469982,2,1
5.579549713792826,79.74359246781877,5.479156071561194,68.49180114410245,8,6,0.0,6,0
9.150801597290878,71.03345985022612,7.128530742105038,53.6485403447611,3,8,1.920993262792141,9,1
6.742249406863385,50.9091168767247,5.611863060910619,32.1511744253217,1,6,2.322745042673578,3,0
4.347952935664318,90.60854475633259,7.383075633511476,82.91888330770595,3,6,2.9197388149840506,2,1
7.40242784432789,88.8421267651092,5.656980516455464,79.37578729763064,10,5,2.5557215667422737,10,1
4.183849253956897,76.62406931458143,6.387848741259669,65.7749146527662,10,4,5.966100297357903,5,1
0.9237509296442923,80.80388860669846,5.506276907814657,68.43612032308553,9,5,2.4497047110978354,9,1
2.983827378165192,86.19127061244919,7.976704362735486,81.11477019073342,5,5,2.598747259522847,6,0
1.2584161579482886,61.249449717361486,8.287676674984997,68.36509485167124,10,6,4.311308394199464,8,0
4.296973031917383,73.65136787184446,6.64806914506388,78.56026332141971,6,11,1.7966362401426381,8,1
5.036836758379104,89.53117615546192,7.0573569924400426,60.53776698689225,2,8,7.127984309693552,7,1
8.352874624550566,64.948526921969,4.827112878049684,84.6797560786092,2,7,5.6043135823256245,5,1
5.653854747528325,83.52269518599955,6.5504850279898195,69.81178588899026,9,7,1.6638260957843034,2,1
4.561798942382271,63.72101834451914,6.924693074437383,67.9107791540881,7,4,6.027334171733674,10,0
6.658811162366979,85.59715978920232,10.0,45.94908366931952,4,8,6.443416279039907,10,1
0.5777293819842297,79.5723022124302,5.332049461338754,69.30433781452564,3,6,1.715770526162773,5,0
5.471229116217132,60.618418209133885,9.196265858128656,52.52067623758323,6,2,1.6696667684823514,7,1
6.541730387773933,93.97687225348605,8.495288160198712,55.42575910207259,6,4,2.779173708203732,7,1
2.042827508440317,71.18490107842341,7.420954606735204,52.769365575258185,8,0,1.1695897605101835,2,1
7.287508086413858,70.27697075582742,9.6379307262927,49.006476021511624,8,6,2.4394229311544544,7,1
5.676992814988829,82.40683036677132,7.558158208910294,96.87157104525443,4,0,3.1997508305625133,6,1
4.169424172198397,93.78364819314459,7.583738793501893,84.97008592982604,7,7,5.008304722752962,7,0
6.26556373221257,67.81013817225923,6.920319020473682,93.80551253216392,9,9,4.1624510063005,8,0
9.541385715608792,80.74015819817566,8.835353323627942,46.65657470666655,0,7,3.7039569869306104,4,0
5.36373251011699,85.14579800396687,8.644703850716326,66.06880624866339,8,2,3.0336534101501744,1,1
5.496441172600672,88.31726728715773,6.061484068755681,45.597385621938564,7,4,1.3840885000732461,8,1
4.081278200919511,82.11729866332671,5.021129208101849,54.56457684204404,5,8,5.183435453563974,8,1
3.3003112610704166,75.59566593100013,6.6955290439065145,51.22809524875137,2,5,5.138748313647424,3,1
6.660671633088491,70.06891735221537,5.7999421534035305,83.59376009662343,2,5,2.7663028180165705,3,0
3.2878323481822656,81.03372659655649,6.904713138076968,59.0565548284736,7,6,1.7976897177511537,5,0
5.143132474438785,67.13433185617272,8.856157202026209,81.02569000541024,4,2,7.112208875054167,3,1
4.044685106469767,44.94379419806471,6.314047517369815,74.06181334382777,9,4,4.493460902173863,5,0
5.957959651492784,85.23871764989201,6.935764928032638,99.55458128157184,10,7,4.793936582650085,8,1
5.667324210573897,90.84721809303434,7.087034102212593,42.80833665290414,6,3,4.880295721399516,1,0
7.075079888515798,51.64481077349794,8.272646323307928,83.88849859680198,4,6,1.595032602837414,2,1
3.979967202290506,67.88323154348075,3.629665999023092,82.19661305601092,7,2,6.998553168033733,2,0
4.460250129413257,87.42985113206237,6.089949557852055,50.39931742959448,9,8,3.193004134111538,4,1
3.042472568435385,100.0,7.316925538419209,80.10700004709739,9,10,5.644084007857886,9,1
4.111413479847776,80.2495244921049,8.800118434640291,70.04217444539343,3,5,6.916865406853556,2,0
5.754600986089704,71.26396470525039,6.262146328740692,61.587856100698886,1,4,4.1627520640363995,9,0
6.513977233290704,77.80524270674192,4.185170940937189,52.64096769542,2,4,1.637043182529767,7,1
3.1556693516447494,96.49851702977821,7.929567168949204,54.21335822826221,7,8,0.0,10,0
6.73921184021132,72.24842985050557,6.046956416761556,95.74718143678889,10,9,3.923168381396124,8,1
7.711275717609902,70.40969592019695,5.215500011364458,65.01024228436223,6,7,4.500288895465108,1,1
5.826869806447402,74.20707773381561,6.063481915430164,76.73195002297189,1,7,2.838449732628762,5,0
8.753591625116131,68.56005670089544,6.723211963516226,53.13650927498671,5,3,4.271370906913834,9,1
3.452421601792854,81.47204379193755,6.09288300319268,53.30220580667542,8,8,4.8606896763421155,4,1
2.510690593377166,99.49614150163472,3.6916509143513965,81.22977213874913,3,7,5.987855581589271,2,1
1.4425595021914428,83.87695127739235,8.345599295330699,44.756356826727014,8,2,3.5428692177475813,6,1
7.9920886229783665,76.97175797448455,8.912312561918084,58.77179348142093,1,5,3.9093166530798733,2,0
6.308731312708115,76.49826477301347,7.977282987009259,65.51041116608349,1,7,3.642799341132892,3,1
4.8888306581790895,61.24171029564012,5.293471494362775,66.67058902760078,8,6,4.067189266653699,8,1
5.5599372526396404,90.59731732576591,6.697762699078723,62.313600724757656,6,1,2.9736312381522723,3,1
2.749021905403247,79.06595363584637,6.990218027155813,70.93729671643885,6,3,2.964069231011032,2,1
9.891503959233653,77.83424103691249,7.898191584342865,75.39283633726717,0,4,3.089954321455396,6,1
5.258442363950455,100.0,8.002510733077122,76.01956318188995,10,4,4.312532483238994,3,1
5.218789589209786,83.58503490038824,5.898739301832256,50.2129428699826,5,3,2.3053719442977263,1,0
6.451533247797384,70.97850739885779,7.1229933346203405,60.73767353106804,6,7,3.09801213374718,3,1
5.962018463473426,74.88370884553348,7.685920606922862,82.92144292815406,10,9,7.617179934242817,6,0
5.447768048558263,93.78134851036106,9.18373348322015,78.41970781360808,5,4,5.792798681008765,3,1
3.4190510891093764,81.35924492645317,8.056759809737084,44.407108227784036,5,3,2.0858378454667665,9,0
5.942936714271991,62.7406642601916,8.183585031063279,70.27219850528303,1,4,5.729345861187136,7,0
8.764048992950068,91.03074721490245,7.125739941894041,35.326621259377845,5,4,5.25478414816737,5,0
7.690840092309955,71.98227097353207,9.115688717805256,65.70402353090554,3,6,3.7921609770423226,2,1
8.186373253278795,100.0,7.614644193939246,93.46650525118966,8,3,2.5840541059871955,9,1
3.9775686471376295,92.96057678857578,5.708368134739644,50.78160924096521,0,10,2.3569717750295247,5,0
3.020790359482838,74.63213725209499,9.105054955187786,52.48515431762627,7,5,4.447680345566472,7,1
4.748426159800704,95.37219634082135,8.046854908808541,76.4604467235929,4,5,2.3075326756069847,9,1
5.111449824577389,80.81426612632885,6.335433968307276,41.85797727185531,0,3,6.19444265934365,4,1
7.188383036941897,90.23328410146664,6.280760548901135,55.50867455172441,3,2,6.761613176910019,9,1
1.6150707405703613,85.8167938075337,7.4448633177111425,73.9466170637263,0,7,3.9143910048638153,1,0
8.059100638921228,69.84372014010953,7.694777192901377,55.48571228465895,5,5,6.277561623844258,6,0
4.683984202842021,72.27740201219045,7.295938398446809,61.46045019183543,1,4,3.176902103394504,2,1
4.14623786010516,92.35952981097394,7.466963010164327,76.16278565472552,4,6,2.571296433431761,8,0
2.975791249479665,75.98269601472151,9.549936061864571,71.32319125304842,6,5,6.20055036029048,5,0
1.6902866562684613,75.15621844109604,8.607314728352328,69.00227594443103,1,4,7.159733911211015,3,0
6.646341167923829,68.53852904780777,7.285953386897536,59.91316581094942,5,7,7.926315973984433,2,0
5.146635934376808,85.08318878712153,8.411965871151224,70.55091672903433,5,4,4.665310142954216,8,0
2.4200782005178922,100.0,5.451214144708691,63.14400979850365,4,2,5.724220790379249,7,1
2.409842455872768,67.18960502894873,7.596890574920213,71.86708414888678,4,3,4.621234456932297,9,0
4.328430601419743,80.2906334800731,9.713959524599666,57.54601962323033,2,8,6.8067573133971795,8,0
8.338043050578786,96.94664666498515,6.67293115691144,62.26146538430688,9,5,4.8665682668785175,4,1
4.48081729727279,79.04430330505141,5.728549107071373,50.15063311171979,9,6,5.610167577324067,2,1
1.9937140937637876,85.4284615549968,6.021866667110409,64.47488584990646,10,2,1.7291630895942682,2,1
4.508513871828112,67.25127766223744,5.365550443986417,52.83498704556733,1,3,3.5376744492646552,2,1
4.454552860504659,85.13968516649179,5.822857137808445,48.2893032475701,6,3,5.627272297284471,6,0
0.0,77.75426881994541,6.444237852114957,68.87991721783082,0,7,5.4479454881387355,7,0
4.8914102669643755,91.82875994815835,4.8916494712320375,68.1910966378649,5,5,5.797806419738219,6,0
4.538130939582644,94.24863261877701,7.023427500924405,76.74310602422858,5,2,4.2413092943817725,2,0
6.3924127296268365,100.0,8.35341576067997,58.53311645637351,2,2,2.6959559937294406,4,0
8.69791218989069,86.9555980785629,5.638365729779619,71.12079270255134,1,7,3.8821069329620923,3,0
7.253130059095515,83.90955579898599,9.278925885462654,73.26196358410495,1,8,4.094068728017007,4,0
4.462222618890339,82.33261161892803,7.766188132791392,71.67160711747393,8,4,4.483481617065151,5,0
2.7869481825166593,75.76200448627174,8.545870878436086,52.61519475796787,10,4,2.064269146229826,7,1
10.14671960649972,84.06180612154029,6.013248169221795,67.24045223406783,4,4,3.468266828625404,9,0
5.118436868028977,76.45518307833164,8.281787840599923,70.46210444081991,6,3,3.822664781011742,2,1
5.027858583825893,82.02153171523537,5.3620991494070305,65.10767700361913,4,4,0.0,8,1
4.951749825779993,95.81117042729551,8.335371251254763,33.70283512443373,6,6,5.665009562747537,3,1
5.39616952153571,67.9214892166443,7.257759009690297,67.4073443596022,3,5,4.328031913281222,9,0
4.711279176152115,93.67854273354854,7.8298768299771755,98.18796559095864,7,5,4.530637740896438,10,1
3.8526759862395275,95.80538080807838,5.236608091562722,59.59941096864526,10,3,2.9690073779434387,4,1
3.9062821175192157,78.58317767610706,5.657395236585093,54.07884353217018,9,6,5.172500751060506,3,0
4.934493459568003,54.537741211896865,7.895842327380077,70.60022839567097,10,4,2.336148352133125,10,0
3.91315045773247,72.70613615486681,5.577477993663699,69.68567315699858,9,2,2.650371511537726,6,1
3.5743084346456713,95.56393455873331,7.694809438148685,82.89102748124621,6,5,5.256660091483593,10,0
5.212860455383794,79.72558325241341,4.949293290309631,46.13197766136668,9,7,4.7143234722881004,9,1
4.490045565158289,68.00837321246107,8.272261319000002,75.97070378862489,4,8,1.4447994696634128,7,0
8.007985977165378,73.9427009452614,5.151215027847236,73.85633091877196,10,0,7.154741740176071,4,1
0.0,90.08744031805463,7.8284499065192845,62.867801945891806,5,5,2.4830046928537057,3,0
7.1830137038449235,86.56080281841655,7.938446400469001,70.08030976882534,4,4,3.734812890757322,10,1
7.492170384995259,77.13281480996366,5.954842272355638,80.44186222397536,6,6,7.493574773203903,4,1
0.8532195351837011,75.59810705822375,7.87303985062709,78.08473070042676,1,4,0.0,3,0
4.314624811839303,75.29890221147414,7.390663395000334,47.85471031889407,4,7,0.5874783600607207,3,1
4.257118268008417,68.93107778601797,6.1917372157108925,77.30237280133227,9,2,4.883867374177035,9,0
2.1849766105643575,99.3845082736333,5.487167973885688,64.02967092451222,2,3,0.0,4,1
3.444366624818249,76.13215436946392,4.056061462491131,66.09311147023273,8,3,0.0,9,0
2.7788483090683425,94.60590224990595,7.52447507094954,66.09795486502541,5,5,6.350315652588282,10,0
8.504540886847245,98.25579262306942,4.652795842956918,62.7463551680261,9,6,3.18225326319182,5,1
6.871356786294922,91.97973077777553,7.143016299161962,82.87561245660598,2,9,8.392179118593631,7,0
7.543110189988317,74.82055624738342,6.604827675876626,63.74423060226182,6,6,1.9304604438928674,5,1
6.44334412808647,84.84476108403932,8.018714163157293,48.20680807425247,3,7,3.3630364022590387,1,0
2.7418964575655416,79.709652723309,6.546931750765204,59.09705216045407,2,2,5.081261452357172,2,1
3.9509594674404527,69.15557767123846,6.505828320479363,67.68042075215713,7,2,4.943056968350478,5,1
5.978749122455836,83.89231138065924,8.097806056432443,83.43822176445576,3,8,3.4902007690223096,6,1
2.5557443822161092,65.85152250608238,7.502587043626177,74.0464202742325,10,8,2.7030799781151638,7,0
6.425996860344776,94.25215266153876,7.474233935774167,52.24197081879434,0,8,4.462724648682581,2,0
4.5193492036837295,74.42459243241929,7.70390138471279,100.0,5,7,6.753771772351699,10,1
4.250358384900805,82.41391587047407,4.696641815189341,68.97162966466969,9,6,5.52561737914659,9,1
6.421919936406983,83.3994544585537,8.135183019980474,84.13086106998523,10,2,2.73506316737973,6,1
5.88852662297208,76.89314031555108,7.918703191020404,62.72428349634156,10,7,2.01645470784132,2,0
4.278067668361841,87.0403256177033,5.474975307135255,73.00038867058174,0,6,2.614422024580084,2,1
7.318659606728496,74.30115612052971,6.633879289488698,77.59202756777607,4,5,1.4525142292683686,3,1
2.8378733448002054,90.45556756948693,6.9410390685585535,83.27292067631384,6,6,4.294818964654489,1,0
6.231871213888527,63.84824383703902,6.798254823397401,80.86052458067337,5,4,5.627572357468567,9,0
6.186202515936768,81.51655495455694,7.500789949852802,78.08295500109466,1,4,3.8573200029991934,10,1
4.38090712137202,100.0,9.147050172746775,60.27369903208837,10,4,7.4395335858590315,4,1
5.652266044484236,67.9960241047331,8.622650091509243,56.42380937065908,3,5,7.5508291503093785,5,0
2.497772847229394,71.86706035370179,5.031671209852891,69.98911265486296,10,4,4.615470537656843,7,1
6.848054038413802,86.16689419590698,7.933104985459073,78.99692108511604,1,7,5.403875480953367,1,1
4.630195727114022,82.15498138327517,8.993399979303113,61.6591894883509,10,2,2.1990840440611046,3,1
3.954553958961921,84.20756119128271,7.580212781033804,80.9775794857158,0,4,3.278387012321644,3,0
7.098018451673779,85.87024556177197,8.63647063777895,86.78925118229269,2,1,6.544540755533099,2,0
3.5913126189144817,87.61665762274124,10.0,51.2551862138987,2,6,2.8414547654231166,8,1
2.1830774072728807,93.31639810347468,8.535564319160471,52.4461894430558,6,1,6.974759614032903,5,1
1.8867416529521925,84.91782388314215,7.373962893462593,62.894374116419954,0,6,6.225128204149666,1,1
6.21201990269128,77.1049081445775,8.56763271112713,69.61419002283795,8,6,5.503247922092715,2,1
2.439141295007434,88.07088441443278,7.217331749645337,57.131494793494234,10,0,1.6546102206807203,1,1
8.50958836396873,100.0,7.035854564927433,85.28304018300716,5,6,3.3760270318593566,6,1
0.8361411842325559,78.40839504340912,6.472878646429401,71.36100292277676,3,1,5.288417677688256,9,0
8.392912736580076,68.3056483439523,9.345120038248162,65.5917057236111,2,4,2.0285038509959397,7,0
5.422034934405237,93.28496803144367,5.7723570010869985,43.46135714197209,2,6,3.6198455055668037,5,0
4.806573776259215,78.55542603255682,9.298551587017174,45.262762753587396,1,7,5.504261898255276,3,0
3.9101618263821005,53.92796544783157,7.749796185610557,69.2151387542271,1,6,2.8636555441554084,8,0
5.798272228704142,90.16906012580506,4.9010407377970875,33.01106560767745,9,3,2.307091017462704,10,0
4.9247305951503035,73.57606176855293,7.551473939487132,80.18956114466107,4,7,0.39845108242364136,4,0
7.2066037640330425,78.91360061235007,3.8499602385225637,62.627692334415194,8,6,3.226731604571383,9,1
5.228455297324079,83.98376396682818,7.938262025246553,100.0,1,5,5.546363025620275,5,1
5.300603522923756,82.28599615734879,8.327847224483486,99.61874375924165,1,7,2.2541926493470044,6,1
4.272775575572288,88.51342180566847,6.11146606652192,62.27826396128725,5,4,4.0357442129354135,5,1
4.886108752557865,74.77416355316188,7.185321543933373,63.40494496203028,9,7,3.5515814564118657,10,0
5.615603537784119,86.15726957811299,9.93123615062543,79.93372271003045,1,1,2.666752888063905,7,0
1.5796632146867489,76.88543986899299,6.241379943607095,90.54758914877057,3,2,5.6754111987517755,7,0
2.303629155788574,88.86572577065003,5.411638619415099,40.42956413845975,5,2,7.284544562331792,1,1
6.48652818804543,87.38440980815665,9.222495103693898,38.204368019679706,4,6,6.008675887283406,2,1
5.341730876255884,68.77473557546486,9.943880785796193,55.66947791668428,0,8,2.6081271950985707,7,0
4.632033327294642,93.03178539410038,7.005543507771771,73.74106374760797,5,6,7.98473132769189,8,0
5.036867866130787,73.56843865863142,8.517194553112535,72.45310385761395,0,0,6.0028058204601304,4,1
5.695163410723342,89.69669357937374,9.012213873296322,81.04657182475775,2,10,3.0852858620714185,6,1
3.920480639381277,84.40744776081608,5.886273651192424,47.00453707452038,9,2,2.4493472357761723,10,0
3.4433905491953745,100.0,6.272041246948198,30.257842055466853,4,5,6.242078527689847,3,0
5.391690510195363,77.31840821153777,8.846311769732102,77.87021292953219,9,8,4.347538403914546,7,1
3.0432544447699357,75.80819844658163,9.527521418062765,52.57705590552148,4,5,2.298470302624545,3,1
5.816505511428944,79.76696472934721,7.844321290261532,34.72268203417043,9,4,3.703782041056234,7,1
1.5948327915243192,76.3618426059887,5.680278469746918,67.17595618939072,5,3,3.1856063642372776,8,0
7.058311274651287,89.5993028233046,9.980591667549161,76.89763532328016,9,7,2.3518817626239246,3,0
5.9451949648260864,60.604272698760944,6.203543653282053,63.16914301818084,7,7,6.029172506522935,2,1
5.5120594686277515,67.35581097024375,6.497293328242822,58.13227420726266,4,3,5.563448376628626,6,1
6.965381967891028,67.18636494104967,7.5135067517344325,62.6095665178114,10,3,5.677082955118521,4,1
8.330948888925153,91.40369110368292,9.331240631072161,59.44125856398826,0,2,5.649340786639026,8,0
7.028740130036261,100.0,8.280963964828336,44.779293320897494,4,2,2.167932510584805,2,0
1.3182515373367094,78.74660937755034,7.622298250542865,54.279789845143526,2,7,2.7926254564060056,4,0
2.440846066528597,77.97413932171987,7.694932795177159,72.81919857520722,3,4,6.917315045875324,2,0
3.7503628446086426,80.84062595735817,7.065272002965199,69.82517812064751,7,1,4.216024244877997,2,1
5.052182100421668,93.94253963129829,7.837209271777759,67.5208970895023,6,3,1.0590586125913939,2,1
6.035318040938246,68.87176238971311,3.2056598834585452,50.07277277219931,10,10,4.433888655191493,1,1
3.548512373693069,82.86042779281742,6.5550888113953025,62.27745256796499,4,3,5.309582523336267,4,0
5.373533528954157,91.70237155738916,7.361982902375171,32.34402430335718,1,6,5.048082874740417,2,0
3.489234135293355,86.01313003927814,5.273478874570739,67.67714995828085,5,4,2.124260793676722,9,0
3.7769643940161037,82.27497939918491,7.57948497671734,86.4328656172035,10,5,7.7734431185151065,9,1
2.1866778063035555,92.0125531108057,6.6932931685208175,42.88801801936842,5,3,0.9988108257824946,7,1
3.1535335077781914,47.561212484009154,9.633213547473236,56.21108490023367,9,7,4.221792860326825,6,1
2.2966307887673327,88.13450383437089,9.359529587822284,69.93660168065195,9,5,7.4731057055321655,3,1
3.0482534940453343,72.15109180247092,6.301291646322756,83.79263951641225,10,2,5.18331416787089,7,1
7.107283593215679,58.032405237722514,6.773743432649957,58.276630755497756,5,6,5.67243913810271,1,1
3.1012022223361138,86.13443119429976,6.889078651587411,54.616245061011554,8,3,1.8936717016597293,9,1
10.26476412967478,96.4839025419555,6.322510785760566,35.46615286375875,10,2,4.694092915193742,4,0
5.9866358017617785,78.3506178244677,7.29253747604219,66.5515719396216,7,7,3.9267946746101057,6,0
5.369672247389747,91.43449456643526,5.862576896668615,95.63114060215617,7,6,1.7399116616712704,6,1
3.2832844396375727,99.34733909586375,5.304076997593711,69.16037692947013,0,3,5.7301429789499245,3,1
6.4006197588179825,95.77897344300857,7.934066835850403,64.6658153122443,4,5,2.361026522698662,4,1
3.848724347524452,99.67957435245671,7.944294376332716,69.83123466150478,6,7,2.598150735662946,10,0
5.244019629290723,88.9055298928627,5.793526360510011,64.83361994077097,5,4,4.865158644169696,3,1
10.12016907653759,80.90520366681912,8.343033146143899,52.80478441609805,4,4,3.7135091087099696,6,0
4.8078802005507,60.77641025723398,6.052633406252003,77.34919873516557,7,3,4.338576047312026,1,1
7.298546652571352,77.04725014244062,7.379747857056972,68.38642284667631,2,6,3.5910006824603276,8,1
3.593647149748225,69.8810408562057,8.230516018918685,65.26419877900486,5,4,6.826121687008085,8,0
4.930023019006077,100.0,6.949581152944431,50.369509590826254,4,5,2.1499387055227683,9,1
8.54160127127102,77.88937025081196,7.682111368211702,84.55261897902139,7,7,3.0703824395879744,6,1
3.746065884424465,81.47845768141383,6.225355534168642,74.97054117999664,3,4,4.962343115158454,1,0
8.624897115993857,86.61782451248561,6.705300124857854,56.70618743949047,7,3,2.0241643327179624,3,0
6.415503870910951,80.52322935646944,6.69121085367949,80.02737280522906,9,1,1.935553235208248,1,1
3.8750664482114647,100.0,5.8801324801896415,57.536437424221894,1,5,4.2754877880062745,5,1
6.264815478111042,72.52820765918658,6.734838755326327,53.26994761233445,8,8,5.734706757837755,3,1
6.9451088992534595,82.33528946284692,4.67707255170438,53.604453237795695,8,5,5.995755631588509,2,1
6.243619924434393,71.09035297162342,6.263269379286843,38.43397170367864,9,5,4.183479751974564,3,1
1.8595505602190872,64.15972986535152,6.572686759945494,72.07313570627309,9,3,2.6557346830053468,9,0
3.545725648350263,72.65877090913658,6.61573037125693,37.53282682492475,5,3,4.551326395268516,8,0
4.504962728896991,79.55555843541906,6.637753831193832,46.573342531013566,3,6,5.132276617424741,3,1
4.851133141799908,74.84837330579288,6.907353700209806,33.866179863822,3,5,4.523721318580547,2,1
6.241344195101356,71.69094824151372,7.7191622771290955,63.7089546081366,5,7,6.468339717582751,5,1
5.355402001866508,63.12419043593799,8.311775611198783,62.74519309592192,4,6,1.9716774694900652,1,0
2.3293112825797975,79.00273312845566,6.0253521597276,60.09955680220454,5,8,2.606047964712875,4,0
5.760395702011927,61.94335551162797,5.195198716916283,49.36133457994136,6,8,6.190698388797447,8,0
6.221171490567646,89.12067156427523,5.436933381635345,47.416493698450395,6,8,1.0539603389694725,1,1
6.11958089586208,80.98927703521404,6.269195618207609,71.96554795319861,8,9,2.921228545836999,5,1
7.161561451109243,62.509382006420836,6.472118023275236,56.74172102437268,7,5,2.536919410547277,4,0
6.667844309097808,76.28949107540164,5.845005900703814,69.74537482304217,5,3,0.8715901973060629,6,0
5.918360158456873,70.97412313291301,5.055825003625158,51.72126970813666,5,4,3.625702390718173,7,1
4.859668577082706,83.83009412503017,6.315818758788717,67.71594114156623,4,5,5.492587719776908,9,0
1.6780781329680172,96.08540535227773,7.272139930170957,84.54917055974096,0,6,4.312655831042205,1,1
5.859236438265172,57.49793036425106,7.892544198753347,73.79248700589176,8,7,5.599207570604155,10,0
5.4153753743262225,81.380312949769,6.163865420337518,58.813792726752794,8,4,6.383911935285946,4,1
5.543157674390747,78.07840645320032,6.380503266784849,68.85798455533892,8,6,3.228736478108961,6,1
2.446502848359381,88.05608091740558,5.609952536729034,61.3900223820468,10,13,9.29369204597746,10,0
2.8378869191834752,82.55835953885227,6.952841244437836,65.11820277042092,7,3,3.3091691518723336,7,1
7.1063057066658075,70.97636801913417,5.727357048713778,60.115834217772445,9,7,3.5749379483126176,7,1
4.92088969228669,76.17135277200059,7.8596917198618,62.53497191171913,2,7,2.5847589262624453,8,0
6.363001394745249,70.44768971835813,4.3212002620988335,68.18140029611263,0,2,5.090778961849348,10,1
5.056636752260922,92.91208566318318,6.460555491321307,50.09961950627074,10,5,3.4189931620460503,8,0
5.05951227899149,80.25573978406331,7.451661008787613,49.761817595150326,7,2,3.8422155561700078,8,0
6.876567611951995,100.0,7.275751774483757,44.171861692531834,6,4,3.589573987548074,8,0
3.967910543565252,79.27207023422456,10.0,40.99593343244435,4,3,3.544190905546252,8,1
5.192241553881967,71.49911879707444,7.524700036851861,46.74075961669281,9,3,4.316572058797151,6,0
4.075449422589915,61.83542728864607,5.493918104736984,67.39193760206194,6,1,3.099552893926737,9,1
4.131007545135369,58.36232388492866,6.85680362936639,51.60818726762174,9,7,3.193408836165815,3,0
4.381655753062721,60.99036868393412,4.335630499800322,72.70421696346645,3,4,6.145702981241984,6,1
5.444267543267426,83.2055198121378,6.879100376054859,65.52070623128843,8,9,3.4129550722371764,5,1
4.042502756673045,86.10470027875921,5.750415914498862,35.47243679842919,10,4,4.767104807414249,8,0
7.511512251147042,61.025711575614395,8.373085413340242,74.82463376332535,9,6,2.221016519023106,4,1
3.2107853955609924,90.74045976891338,6.175689588106698,77.16197968387564,1,3,3.110619945694255,4,1
4.626256711677282,74.20326737979873,6.82485112630713,50.0920598774772,8,8,1.5348788750186388,10,1
4.12053788345165,81.7615161438266,6.046663237893394,71.30287314342488,8,6,7.708866866723655,10,1
7.893955768707466,99.34664753906509,9.608277027779998,52.15252643886201,4,5,6.750919355336106,5,1
5.393109553023149,90.76207179038639,6.518135850823133,66.46505565122503,10,3,5.190917986557373,6,1
7.063689078937269,76.77763222513,9.748835565218803,46.03252389567552,0,11,8.302205440579659,4,0
2.028879253926056,69.30569329501655,8.2212276431774,38.103403211981345,6,7,5.540572102766251,2,1
5.534100531738518,54.17821518404834,7.723100091003079,59.257742155805474,9,6,3.6560485127023568,2,1
6.779261591246874,71.37016016909095,7.553099720976279,63.14406580587746,9,6,4.745039334183342,3,0
5.164567978550848,77.46643713406766,7.590695947324377,59.03480459578094,3,6,6.721572710958283,2,0
7.130960750130702,68.15384567418579,4.1084911309815855,47.239541626661605,8,6,2.2393676499840636,1,1
3.9654230997992554,78.42491639489235,6.5816749087738655,59.00151406803295,5,5,1.654364425466877,8,1
7.81869488037116,80.92222259550522,8.267736956776481,69.03942128871101,2,8,4.812158333259875,5,0
9.5977962472385,77.30172821830305,6.926654224788842,64.32660454816194,5,6,2.8263005329025246,10,0
4.274322879120682,72.19996903011848,4.892215229794637,67.7375154589882,9,8,0.0,1,0
4.1089949571984565,82.02385606360073,6.9213933241337955,54.94827199318651,5,13,1.5141333061788633,9,0
7.906768954235401,85.30328779483291,9.556158274383236,82.57576872074239,4,4,3.3771513012929097,8,1
8.159144291461425,66.91521107068584,8.870337573302079,47.35739995167829,1,1,4.096377509495804,4,1
3.9542799456934636,96.93118855695525,6.906993985950953,72.31340445630077,9,4,4.155938198766597,8,1
4.159626365808285,78.81694241258886,8.42717391558713,82.72836639439942,9,2,8.01039268047089,10,0
4.436430782278985,80.22619547533817,6.450239469447922,72.21362139123343,1,7,3.5847494865978127,7,1
2.311098977931446,88.49857307907868,4.444192619759922,61.96213659402755,6,4,4.556250979072209,7,1
3.1626961070316035,82.79859357516202,5.613301017805668,57.07554430005531,1,5,0.7482159452510078,1,0
2.9917184664958643,91.43763960695894,9.344333152762296,80.54131476569384,5,8,3.937728923369449,6,0
3.464404869791743,83.44548998242189,6.589010377256043,43.65537612107491,4,6,4.6683978863435325,4,0
4.930630225226437,72.65075150431474,6.634924030937473,50.44813609430535,3,5,1.249481038037621,10,0
5.468429465073042,84.33804230247321,6.550242705587679,59.03663351762418,6,2,2.1320160807260873,10,0
8.101000985628154,66.27528551215207,9.85620488435951,83.56480636267997,7,6,4.978337267673741,10,0
3.003291918522418,81.30271646931828,9.438938373043095,70.69651454061344,3,5,2.907347471376177,2,0
6.968644796953168,79.60124011226647,10.0,50.47931362234632,0,6,3.7949164569800513,10,0
4.572022311548982,77.50259771272952,6.761432184399923,60.34538441922645,0,3,5.081555037917959,7,1
4.901072580695134,78.45754986273283,7.443436733120643,55.78515283855558,0,6,8.073744343591631,9,1
6.3496389843332075,57.41781145402833,4.725036175868813,54.353165116496974,10,6,3.5564295978432154,5,0
2.7545559568754028,73.41530110710846,9.215401639177411,79.68334337835168,0,4,7.538396157754885,8,0
5.764819492368101,81.11413881369337,5.248330673098097,44.42385306104742,4,7,0.08245267740881301,5,1
5.332904416426112,81.9182767039688,7.325163345643944,89.1317128360156,3,4,4.296725717363971,7,1
5.984902528016298,67.66789830888851,5.354046208550734,77.42344535276933,8,0,3.331821585809538,7,1
5.5783372878156365,95.18849409037641,6.116699759891956,81.36292505905547,2,9,2.935082031863205,9,0
9.91060027982179,69.60590182142599,5.744106353425449,58.05590731962113,6,1,5.316135151113707,3,1
3.7245200314973683,91.63348640632084,6.088187108986273,62.75088921381336,10,6,3.57075866922956,1,1
3.9380060899963647,85.12633234246022,6.191315945276532,43.502722782129325,7,4,0.0,2,1
3.753718947150471,72.24527228187436,6.177596807612384,57.130063893997956,5,5,0.8232615034988351,6,0
3.8890457616794905,100.0,8.250000867670462,72.40482271464727,9,6,5.444053916712888,10,1
3.7252257453869646,65.67635801892224,5.34270581040622,84.44094592672094,0,8,0.7255441861518732,10,1
7.378033062215104,91.02985008332001,7.3308121405208,48.392647747963224,7,4,5.497642362361557,9,1
7.841008495979709,92.00698781651573,8.826938728458337,59.517410945221016,9,5,4.249546975822312,3,1
3.8585074125010475,71.95255749108026,6.230205453229906,62.73051169651217,2,10,3.659430936348398,10,0
3.3352888537915426,96.70958360077195,5.9231216638785975,44.06316196711272,7,5,3.8370516536034542,2,0
5.942831112772808,76.99944182481256,6.654213062229624,73.87023862637601,3,7,5.029516040360167,1,0
3.8955539114380575,83.46432355135829,8.769587812541065,54.14014502386087,7,6,1.6450280527871177,2,1
6.265863635511021,83.12386206525466,7.291161446430037,62.06914473234464,10,4,4.084582187995451,3,0
5.405846041702599,78.38829510235342,6.203178558088602,58.22075942132184,0,3,1.7209944118374687,7,0
1.9685117700055361,89.72969927791739,7.725814976782059,53.159922414204885,2,5,4.327289552005736,2,0
8.095010402660122,89.52186464662655,5.346561775245365,64.89432521779167,5,4,5.292953572396703,5,1
8.591755346191043,59.01761632114183,8.022039265664421,61.76585632147967,8,4,4.331891725624629,2,0
3.7744226190312276,95.65208291453783,7.612910961552651,59.42213176582002,1,5,5.217204327861178,7,1
4.224596880128032,60.050096143571906,6.538287293291674,54.07307567479486,10,2,2.5999703298134254,10,1
5.57173078144981,92.39055445209989,5.742121302329154,69.79287006174434,0,7,3.875639891358846,8,0
5.66891357997405,93.520461641931,5.669978616574814,89.80425902738428,9,3,3.524048373750208,8,1
6.317088545345661,66.90840283741763,7.802226004518865,67.09830849258691,2,5,3.393121225726017,8,0
9.0204090775327,75.07022854454499,8.843470753733593,79.94177322366693,3,6,2.3987176710962235,10,1
4.646105545011901,66.73154397816877,6.044038379456808,44.14667112269806,10,8,3.136354901150115,9,0
3.4034055109230925,77.42094763653517,7.687580055327226,67.36642158940654,4,5,1.7745908099869978,1,0
2.2413615439709456,76.30358858977111,3.8694594720968967,48.539475215434,2,3,0.6116906763508392,1,1
3.538139920116162,89.35592638723207,6.1230734040142005,42.846126087021474,9,3,2.5985666789184805,10,0
4.933746054252405,95.7237049534353,6.953411600693647,53.909428888114455,10,5,5.251919297562328,2,1
8.589115727035576,96.74820572947948,5.635474874527249,82.87849001620359,1,7,4.46813198211136,6,0
3.964777401927657,73.25398368106038,5.595240437815606,79.25023743004468,1,5,1.4867935915054908,1,1
5.447575903277797,77.48933751506567,5.99833066529667,68.645070830816,6,5,3.1879772932392267,5,1
4.967154207854496,59.798741693348596,7.43828909248956,42.009491601651035,8,10,5.384928682728655,5,0
7.376786546896168,70.32955920204573,6.719006472390438,62.05579022918095,9,2,3.1030172604257995,4,1
10.053864851747242,91.5782195971695,3.642653150012542,69.52550013352604,1,6,1.1644676137421883,5,1
3.938262454159359,99.38699388257878,3.818949771047401,67.63304344367897,6,7,8.515257092828685,1,0
4.021121114963556,65.18781353744093,6.089702233214237,37.343096247788814,6,4,3.6660823386940997,6,1
7.0883217541381445,72.89042889016527,7.686529879080328,51.64523227970192,10,11,1.6728422000019667,7,0
6.363782979252623,79.68313091649287,3.0,64.03883353776925,6,5,4.342527051640387,8,1
8.693414651472068,83.36193390583529,6.250404735772554,73.04436364275784,2,4,3.828793335374529,2,1
6.167856370651927,70.28475776094025,6.210628215223869,32.05808268350081,6,1,0.917043790171264,7,0
4.281415818425881,85.08873253356907,9.082506667312671,62.56814036780212,0,11,4.18673772160633,6,0
6.181309661384619,74.313927835149,6.422467282430705,67.14573154818429,9,3,5.967471022791293,9,1
7.2174071611658155,79.82657274946065,7.574483477111393,77.7441798277432,0,2,3.534179585019511,8,0
6.640964362394728,86.5554109760444,7.211885710131195,75.39286376356155,4,7,0.0,4,1
6.014548062214596,80.07706723773126,3.804150280289199,73.73856978213207,1,5,4.683843221178607,9,1
7.133349379178307,74.76336931368118,8.152310824947605,53.000892399470985,8,1,5.205800090496307,1,1
7.3385911808913455,78.68468235289004,7.323094758184432,36.37996794315039,6,6,2.8271758463441765,6,1
7.764317982075054,78.93964448953598,7.762402959511885,59.10420864407899,3,4,2.8418767973215506,8,1
6.297419775179286,75.55986764141447,10.0,80.0244773781284,3,9,8.515712600515295,4,1
4.665763839366291,76.89444724799478,3.8738305907521173,85.90181791286648,1,4,2.6835714023157946,2,1
5.293427372866645,99.1837660460566,9.587044974641662,75.65823653446678,4,9,1.756238067331497,2,1
7.413017933016714,86.73103337529487,6.568828720899466,71.44011234202601,3,5,4.050228168052022,10,0
3.366128658025528,76.45423618365008,7.430993356604514,70.69459472578949,0,2,5.149684651540799,1,1
5.737346617745803,88.36345285412882,6.931731632048137,56.658218798588294,7,8,5.0648674574206325,5,0
4.213322375345278,75.99416612292788,6.363645499902935,63.0490955966957,2,2,0.0,6,1
5.057489645869635,94.0774956510397,6.145250607641862,90.03604288739497,5,7,2.6785369882220555,4,1
7.556903725214598,84.43570630637713,7.494263103359514,50.86162991312186,3,9,6.3057760902574795,4,1
5.382198136039807,78.71237427194926,4.724239454992482,89.22168186064778,8,3,4.653378930683411,5,1
5.092873096312298,85.37260310972333,8.125868751282649,60.16957768261912,6,3,1.5284171769871482,5,1
2.2802877180401615,61.14948617517801,6.375708392672119,84.88148163642617,8,6,6.48481861579241,9,0
6.492507132054442,66.47879037308233,5.304895991439463,43.89777485753693,9,7,5.929795438212356,8,1
6.29096836228215,65.67289992321133,6.32498071300628,73.78856301746974,2,2,3.4067967839542566,9,1
9.32650944661092,81.71531713716448,8.885723825293859,53.94844796078567,0,9,5.758934373622273,3,1
4.384443530093998,100.0,6.196997369475666,43.77099212113718,4,5,7.9995116639160395,3,1
5.438300655327878,100.0,7.53768042731443,68.27801063616418,2,5,1.8912396095091677,1,0
5.498767367421511,87.65661321728909,5.90356558642679,80.14207682893954,5,3,5.110892364405858,10,1
8.15490655952695,86.01013369933348,8.136882774885429,52.325878421097556,7,6,7.971889552176015,6,1
4.809408935226096,58.387307190167135,8.028261608185307,42.51476059312398,10,6,5.306059106591059,4,0
5.558043051540679,73.48791440319174,9.772913249944617,63.62232853497567,3,4,2.491234281271394,8,0
6.215793019433079,70.54659497710114,6.736654081751177,63.68847006834228,4,6,4.477826480882775,2,1
5.3732182463127165,72.5498288209866,8.00298220713686,73.22479441331748,4,8,6.739766519904725,2,1
4.107132770898944,77.98227417698253,7.147101309308417,79.24391857046733,3,4,1.9684670661516783,7,1
5.388179985796615,74.33491306763447,8.943807672794522,64.10877228091259,3,6,3.939806585418934,5,0
7.1472634997195446,56.24840227549055,5.921751418586904,92.83254972191395,3,4,3.513034356436535,1,1
2.9469694011778795,88.97492307341041,8.117507969315922,68.36352116802938,3,9,2.7371767264917395,7,0
5.265939348293752,67.12708369112232,6.7079540558249775,59.803602409896506,3,5,4.483109736952792,7,0
3.599758370121654,82.8709623693338,6.9037177343372536,40.82648961345758,4,7,3.798565491888046,10,0
7.390093257849685,100.0,7.137628726672559,61.06010719525749,1,2,5.286700359139503,6,1
1.9536261904324506,68.96738490096291,7.378360594640016,59.95419581883296,1,4,6.281938988512863,4,1
3.8821563054568236,49.63654972704404,6.825656435317063,79.40457194422206,8,4,1.454339159092108,8,1
5.754423750129042,76.56794933743868,7.322069774755789,71.93725436100281,1,7,4.13506212796098,2,1
8.13104805846868,93.21151561998285,9.367177086343277,47.30946317551074,5,3,3.8937477224910864,2,1
4.868499477854025,100.0,8.478174528422828,67.58381579616557,1,4,4.406829346779165,2,1
3.8896009466136032,65.245404866571,8.303731888745345,75.0729675759358,4,3,3.969058310465909,3,1
8.76231413888118,85.96039067883827,6.316690710964194,87.92047039081748,3,3,2.0386741755399314,6,1
2.103972199167512,74.41627451863936,5.666138757657514,78.31255951121089,6,2,6.909499070741177,1,1
0.6023880867598361,78.72861974835037,8.432950837356628,76.41269981467217,6,10,7.761522292405297,2,0
5.880028900106665,100.0,8.314070188794691,65.90128991922745,5,3,5.093779406903369,10,1
3.9958915512947777,61.964356059258165,9.209006013626473,70.82468008135174,9,2,5.19620355952231,2,1
2.9575343657385735,83.04487593793488,6.094029061046156,83.74257351059238,4,6,4.262098327922347,1,1
6.416712894598707,85.61231806118519,6.655677016959479,45.00833903780526,0,4,5.938406443558004,3,0
5.487601427542398,93.02943589927216,4.540773756211848,59.75841009174566,2,6,0.0,10,0
3.871842738526543,81.17579784165075,6.41129334090869,53.41146876865639,8,2,3.992275442416277,7,0
2.439391202658211,83.69660647404923,8.49485576586917,70.68729678089186,0,4,2.854745994608977,1,1
6.744914656560289,75.30021719093851,6.300256931157703,83.45333263476181,4,9,4.291636196042578,7,1
6.300402355917322,83.22952329494129,7.960719692801236,56.045385699183896,1,10,6.185255130346216,5,0
4.801648272441234,75.88169269403107,6.7142453410032825,29.145434487958433,3,5,4.038068352432154,9,1
8.693273992095332,87.45886267827261,7.486085542332341,58.81668882463295,10,2,3.279015322658658,2,1
2.859830467347695,75.56467596747639,5.278462915276499,78.7021059802611,0,3,1.1934579405191053,1,0
1.9489496581505223,84.52520472682623,7.127814174450852,73.0644485442482,2,7,3.7814469755632194,9,0
3.616183860237511,79.64884623578025,3.0,71.42279371715864,9,6,5.344555393821359,8,1
4.908827967289004,93.51260300926602,6.719655762757022,60.8001004718828,6,4,2.317823745976063,10,0
5.486678898645383,79.38327531693817,4.55429013442729,45.8145389567032,9,2,0.0,6,1
4.5175278842873405,58.723610381517425,8.808991774820225,72.72941482436701,2,7,8.548480302422725,5,0
5.704110793028594,95.1430580085679,8.166111029146768,52.485772849480625,3,6,4.670350968201392,8,1
2.496921151619112,69.13121238964857,7.700006472949122,97.76145100070684,1,7,3.5568528228180827,8,1
7.887529208146519,72.15480393621417,9.28150934073907,73.55760812531774,2,7,6.781989610408745,5,1
4.835697643214862,72.85206447147809,5.576625218762744,56.29027546169073,8,3,4.282958682967608,7,1
7.234591663176255,96.49325711804981,9.621044796873338,55.829221289170576,2,3,6.664063623262468,1,1
5.685450692755408,54.371909432255656,8.398287346390577,63.60583690079618,10,4,6.492722431754446,4,1
5.913506438307568,100.0,6.645167069171581,61.407471169673755,4,5,1.4509582522297388,2,1
6.139534560464408,92.67268170879262,8.703430220774417,81.75250663294932,1,2,4.919989232826111,10,1
5.8954171200346295,82.67886696954992,5.340559731382548,67.7962425461607,3,4,7.450571313938689,3,0
6.285445519735088,79.34127199260456,5.7632287577084895,54.02552391637208,6,7,2.002698619304386,1,0
7.658305060264863,83.42664889829189,6.087115415140449,93.35661027733674,6,5,2.027250815895315,2,1
5.39304233940294,86.25346914055206,6.206533437903977,65.73962497280334,2,6,2.3655978609959716,1,1
6.418007515177025,87.74258703140069,5.415163535859621,76.53259513953346,4,4,5.780837170980415,8,1
4.820528611425546,86.66725359204138,8.834624600642988,55.87660238832861,0,9,4.568771425727188,4,1
7.880234430898946,81.07496817506299,6.611718399445253,70.44673441616786,9,2,0.12845533832074896,3,1
3.6472153958814606,77.63193895631208,7.528757452535319,69.66664986714792,9,6,4.681892247033867,1,1
8.60188086582163,78.18472059615786,6.1444729503794795,36.655260618557705,9,4,3.4961701342576847,2,1
4.919684098711313,77.66110063576782,4.269095049177224,95.2291266569096,10,3,3.7754482626996624,3,1
2.1384497957639037,93.60524116240478,7.405086037587133,84.35966691383821,0,6,2.32595980711777,3,1
5.2562088298215786,87.12268066737035,4.131617536870335,59.04207025781019,4,7,4.696516443028266,6,0
3.6378966850502383,44.71533638402864,6.897048930871797,48.465953893162165,9,8,6.100916560613918,10,1
6.681287097977448,87.87080931835713,4.947527441750784,70.21342420705328,8,9,2.71606726533504,8,1
3.694752041395218,82.3368343366253,9.980913998846212,66.30046549121595,0,5,0.6350879381261638,6,1
4.107633133570441,79.77549492264923,8.367044083262083,70.33503422844844,0,4,3.39377135696657,2,0
1.220918538108938,75.33777856293337,7.1586306869072205,67.87366094291134,3,3,5.512573457204459,2,0
4.095387361501847,93.48935263983216,8.895560016482003,72.5936148395889,3,7,3.15793930827501,7,0
0.15224134674208667,91.3703175454743,5.730526033801397,86.7095854908771,1,4,1.0049020776796778,1,1
1.8321943530285534,70.72546798611668,7.815219068005139,73.52154807692969,8,8,5.526485697838761,1,1
6.520829312288595,84.88462744549442,7.2997156505780705,49.25516751635088,8,8,6.830696293996626,7,0
6.571600317301664,68.34011918550456,7.396030122000505,85.43844279068678,1,1,4.040031100221848,9,1
5.85091512356993,63.444582022532835,8.908530250160151,89.60921845232431,8,5,0.788418280036804,5,1
3.066047713741574,72.47939330492042,8.098738154169704,100.0,5,4,3.3643389159609116,1,1
4.90457728771604,90.3487216685931,7.433085494237535,48.14758950140603,7,3,4.303077761650542,5,1
4.992794921818863,91.43750054451304,4.517668845657556,68.64323019725413,9,2,2.380573385496548,1,1
2.6832706216149145,86.15702504116751,5.559930557080804,33.768519452165194,3,8,5.16674446254283,10,0
8.006796603534301,88.70114944217596,6.815936599606414,73.29723734568813,1,8,2.1850777702004014,9,1
6.7547245811513426,86.1941394453795,7.1400585614149765,56.776995527498414,1,3,4.0512553448040505,4,0
4.558071652340672,72.30222085732457,5.3046944129891145,93.8516869223743,8,4,3.5433558313232743,9,1
5.053771677989062,85.18307053608729,10.0,53.38077544972127,0,12,5.231709596300172,2,0
5.416765615895105,89.60491430273218,9.27459108288036,39.662254430491075,6,3,3.9714616448108844,7,1
0.9165302631514187,89.0514959577629,7.903177480588726,57.9310438894622,10,3,3.6070165998414794,2,1
4.5056452349588065,94.26696045769572,7.108055291925617,35.36768343174294,2,4,2.394269519532143,4,1
3.6360315040044027,88.49964616641276,6.681686545148272,76.26649181760965,2,3,4.069538029186536,6,1
2.996759980210169,84.21737849049899,5.572122309966646,34.02375430615519,1,4,3.4795849972821165,2,0
4.43779941422809,92.84180285979713,7.1162207777782935,65.42686371774738,9,6,2.258939487543985,2,1
8.595373053699046,79.68174488901128,7.386628810214126,33.832822702157046,5,4,4.318982048836867,2,0
6.28168572253402,69.41750418526739,5.1373591367775635,60.19553293195037,9,3,4.727942680112196,3,1
3.8576420204344064,78.04319643267483,7.501264625867346,89.65067233706802,1,8,3.323185555886369,5,0
6.145165562712317,71.06116826232261,6.7671114267628765,70.40971837153693,9,2,5.863138462127514,9,1
